source	nct_id	arm_name	ae	sae	subjects_at_risk	female	male	age_m	age_s	bmi_m	bmi_s	total_derived	fu_days	ctgov_group_code_bas	ctgov_group_code_aes
ng	NCT00034840	Telmisartan (Micardis)	NA	4	244	NA	NA	NA	NA	NA	NA	NA	NA	NA	NA
ng	NCT00034840	Total	NA	6	490	NA	NA	NA	NA	NA	NA	calculated	NA	NA	NA
ng	NCT00034840	Valsartan (Diovan)	NA	2	246	NA	NA	NA	NA	NA	NA	NA	NA	NA	NA
jo	NCT00095394	Total	NA	NA	645	NA	NA	NA	NA	NA	NA	jo	119	NA	NA
ng	NCT00110422	hydrochlorothiazide	NA	5	215	135	80	53.3	10.264014809030625	NA	NA	NA	196	NA	NA
ng	NCT00110422	irbesartan	NA	3	211	124	87	53.6	10.168087332433764	NA	NA	NA	196	NA	NA
ng	NCT00110422	Total	NA	8	426	259	167	53.44859154929577	10.216616136618761	NA	NA	calculated	196	NA	NA
jo	NCT00134160	Total	NA	NA	1164	649	515	73.6	5.4	24	3.6	jo	1092	NA	NA
ng	NCT00146341	Telmisartan	6	0	170	65	105	51.2	9.6	25.9	3	NA	56	NA	NA
ng	NCT00146341	Telmisartan/hctz	6	3	175	70	105	51.7	9.4	25.7	3.4	NA	56	NA	NA
ng	NCT00146341	Total	12	3	345	135	210	51.4536231884058	9.49906854417827	25.798550724637682	3.2091523634954258	calculated	56	NA	NA
ctg	NCT00149227	Non-ARB	0	0	1514	647	867	66.1	10.9	NA	NA	NA	1820	B2	E2
ctg	NCT00149227	Total	0	0	3031	1303	1728	65.9	11.1	NA	NA	NA	1820	B3	Total
ctg	NCT00149227	Valsartan	0	0	1517	656	861	65.8	11.2	NA	NA	NA	1820	B1	E1
ng	NCT00153023	Telmisartan	319.403	112.52199999999999	443	156.379	286.621	61.1	NA	NA	NA	NA	365.25	NA	NA
ng	NCT00153023	Total	634.549	214.624	885	312.405	572.595	61.1	NA	NA	NA	calculated	365.25	NA	NA
ng	NCT00153023	Valsartan	315.14599999999996	102.102	442	156.02599999999998	285.974	61.1	NA	NA	NA	NA	365.25	NA	NA
ng	NCT00154271	Total	NA	35	1673	758.8853686635946	914.1146313364054	50.7994022713688	11.680334465485712	NA	NA	calculated	84	NA	NA
ng	NCT00154271	Valsartan	NA	14	839	374.5535714285715	464.4464285714285	50.6	11.55	NA	NA	NA	84	NA	NA
ng	NCT00154271	Valsartan/hctz	NA	21	834	384.33179723502303	449.66820276497697	51	11.81	NA	NA	NA	84	NA	NA
ng	NCT00168779	Placebo	NA	0	132	NA	NA	NA	NA	NA	NA	NA	56	NA	NA
ng	NCT00168779	Telmisartan/HCTZ 80/25mg	NA	8	529	NA	NA	NA	NA	NA	NA	NA	56	NA	NA
ng	NCT00168779	Total	NA	10	1185	NA	NA	NA	NA	NA	NA	calculated	56	NA	NA
ng	NCT00168779	Valsartan/NCTZ 160/25mg	NA	2	524	NA	NA	NA	NA	NA	NA	NA	56	NA	NA
ng	NCT00168857	Losartan 100mg	NA	0	441	171.549	269.451	NA	NA	NA	NA	NA	365.25	NA	NA
ng	NCT00168857	Telmisartan 80mg	NA	0	419	162.991	256.009	NA	NA	NA	NA	NA	365.25	NA	NA
ng	NCT00168857	Total	NA	0	860	334.54	525.46	NA	NA	NA	NA	calculated	365.25	NA	NA
ng	NCT00170924	Placebo	NA	10	198	97	101	60.2	9.5	30.7	6.1	NA	266	NA	NA
ng	NCT00170924	Total	NA	35	384	195	189	60.635937500000004	9.451702802345954	30.409375	5.771606344041139	calculated	266	NA	NA
ng	NCT00170924	Valsartan	NA	25	186	98	88	61.1	9.4	30.1	5.4	NA	266	NA	NA
ng	NCT00170963	Total	NA	6	947	430	517	54.605174234424496	10.343783443798667	NA	NA	calculated	84	NA	NA
ng	NCT00170963	valsartan	NA	3	308	136	172	54.5	9.9	NA	NA	NA	84	NA	NA
ng	NCT00170963	valsartan/amlodipine 160/10mg	NA	1	317	146	171	53.9	10.8	NA	NA	NA	84	NA	NA
ng	NCT00170963	valsartan/amlodipine 160/5mg	NA	2	322	148	174	55.4	10.3	NA	NA	NA	84	NA	NA
ng	NCT00170989	Total	NA	52	2702	1162	1540	NA	NA	NA	NA	calculated	56	NA	NA
ng	NCT00170989	Val/HCTZ 320/12.5mg	NA	15	903	388	515	NA	NA	NA	NA	NA	56	NA	NA
ng	NCT00170989	Val/HCTZ 320/25mg	NA	16	900	387	513	NA	NA	NA	NA	NA	56	NA	NA
ng	NCT00170989	Valsartan 320mg	NA	21	899	387	512	NA	NA	NA	NA	NA	56	NA	NA
ng	NCT00171002	Amlodipine	NA	1	471	218	253	54.1	12.2	NA	NA	NA	84	NA	NA
ng	NCT00171002	Total	NA	5	944	440	504	54.1	12.10020090724752	NA	NA	calculated	84	NA	NA
ng	NCT00171002	Valsartan/amlodipine 160/10mg	NA	4	473	222	251	54.1	12	NA	NA	NA	84	NA	NA
jo	NCT00185133	Total	NA	NA	1900	NA	NA	NA	NA	NA	NA	jo	NA	NA	NA
jo	NCT00185172	Total	NA	NA	2333	NA	NA	NA	NA	NA	NA	jo	84	NA	NA
ng	NCT00219024	Aliskiren/Hydrochlorothiazide 150/12.5mg	NA	3	186	88	98	54.7	11.35	29.2	5.59	NA	56	NA	NA
ng	NCT00219024	Aliskiren/Hydrochlorothiazide 150/25mg	NA	2	188	84	104	53.7	11.58	29.3	5.44	NA	56	NA	NA
ng	NCT00219024	Aliskiren/Hydrochlorothiazide 150/6.25mg	NA	2	176	80	96	53.9	11.12	29.5	5.14	NA	56	NA	NA
ng	NCT00219024	Aliskiren/Hydrochlorothiazide 300/12.5mg	NA	2	181	92	89	55.5	11.67	29.7	5.48	NA	56	NA	NA
ng	NCT00219024	Aliskiren/Hydrochlorothiazide 300/25mg	NA	1	173	75	98	54.8	10.86	29.8	5.66	NA	56	NA	NA
ng	NCT00219024	Aliskiren/Hydrochlorothiazide 75/12.5mg	NA	5	193	92	101	54.4	10.11	29.5	5.63	NA	56	NA	NA
ng	NCT00219024	Aliskiren/Hydrochlorothiazide 75/25mg	NA	4	186	85	101	54.7	12.17	29.6	5.7	NA	56	NA	NA
ng	NCT00219024	Aliskiren/Hydrochlorothiazide 75/6.25mg	NA	0	188	80	108	55.1	10.63	29.1	4.85	NA	56	NA	NA
ng	NCT00219024	Placebo	NA	0	195	86	109	54.4	11.8	29.6	5.81	NA	56	NA	NA
ng	NCT00219024	Total	NA	19	1666	762	904	54.575210084033614	11.271467079610137	29.47454981992797	5.487560552810366	calculated	56	NA	NA
ng	NCT00219037	Aliskiren 150mg	NA	33	1179	566	613	55.7	11.3	29.3	4.93	NA	487	NA	NA
ng	NCT00219037	Aliskiren 300mg	NA	35	776	362	414	55.9	11.48	29.2	5.2	NA	487	NA	NA
ng	NCT00219037	Combo therapy	NA	26	870	389	481	57	11.03	29.7	5.09	NA	487	NA	NA
ng	NCT00219037	Total	NA	94	2825	1317	1508	56.15529203539823	11.267630520873746	29.395716814159297	5.054673129539817	calculated	487	NA	NA
ng	NCT00219063	Aliskiren (active-controlled period)	NA	8	420	196	224	53.4	10.78	30.3	5.89	NA	210	NA	NA
ng	NCT00219063	Aliskiren (placebo-controlled period)	NA	0	170	75	95	54.2	9.88	29.6	6.01	NA	210	NA	NA
ng	NCT00219063	Placebo (subgroup aliskiren placebo-controlled period)	NA	2	163	82	81	53.2	11.28	30.7	5.85	NA	210	NA	NA
ng	NCT00219063	Placebo (subgroup ramipril placebo-controlled period)	NA	0	177	67	110	53.1	11.1	32	6.98	NA	210	NA	NA
ng	NCT00219063	Ramipril (active-controlled period)	NA	6	422	166	256	53.1	11.21	31.4	6.79	NA	210	NA	NA
ng	NCT00219063	Ramipril (placebo-controlled period)	NA	1	165	64	101	52.9	11.3	30.5	6.41	NA	210	NA	NA
ng	NCT00219063	Total	NA	14	842	362	480	53.24964370546318	10.997613685964529	30.85130641330166	6.357018618368654	calculated	210	NA	NA
ng	NCT00219076	Aliskiren 150mg + Amlodipine 5mg	5	NA	187	82	105	53	11.9	30	5.5	NA	42	NA	NA
ng	NCT00219076	Amlodipine 10mg	5	NA	178	86	92	54	10.6	30	5.7	NA	42	NA	NA
ng	NCT00219076	Amlodipine 5mg	4	NA	180	85	95	54	10.9	30	5.7	NA	42	NA	NA
ng	NCT00219076	Total	14	NA	545	253	292	53.65688073394495	11.159210945666782	30	5.6321657923853	calculated	42	NA	NA
ng	NCT00219089	Aliskiren	NA	8	282	125	157	60	9.8	31.4	5.9	NA	56	NA	NA
ng	NCT00219089	Aliskiren/Ramipril	NA	4	277	109	168	59.5	10.2	31.3	6.1	NA	56	NA	NA
ng	NCT00219089	Ramipril	NA	6	278	112	166	59.9	11.2	30.3	5.3	NA	56	NA	NA
ng	NCT00219089	Total	NA	18	837	346	491	59.80131421744325	10.41404005253616	31.001553166069293	5.77687650536805	calculated	56	NA	NA
ng	NCT00219102	Aliskiren/Valsartan/Hydrochlorothiazide 300/160/25mg	NA	3	184	85	99	56.8	8.62	33.13	5.735	NA	84	NA	NA
ng	NCT00219102	Placebo/Valsartan/Hydrochlorothiazide 160/25mg	NA	3	179	82	97	57.2	8.56	33.02	6.326	NA	84	NA	NA
ng	NCT00219102	Total	NA	6	363	167	196	56.99724517906336	8.59046788621872	33.07575757575758	6.033646266224759	calculated	84	NA	NA
ng	NCT00219115	Aliskiren/HCTZ 300/25mg	NA	2	122	62	60	53.1	NA	34.8	NA	NA	84	NA	NA
ng	NCT00219115	Amlodipine/HCTZ 10/25mg	NA	4	126	73	53	55.2	NA	34.5	NA	NA	84	NA	NA
ng	NCT00219115	HCTZ 25mg	NA	4	122	70	52	55.2	NA	34	NA	NA	84	NA	NA
ng	NCT00219115	Irbesartan/HCTZ 300/25mg	NA	3	119	71	48	53	NA	34.3	NA	NA	84	NA	NA
ng	NCT00219115	Total	NA	13	489	276	213	54.140695296523525	NA	34.401431492842534	NA	calculated	84	NA	NA
ng	NCT00219128	Aliskiren 150mg	NA	1	172	65	107	52	10.1	29	6.2	NA	70	NA	NA
ng	NCT00219128	Aliskiren 300mg	NA	2	169	63	106	54	10.5	29	5.4	NA	70	NA	NA
ng	NCT00219128	Aliskiren 600mg	NA	1	166	69	97	53	11	30	5.9	NA	70	NA	NA
ng	NCT00219128	Placebo	NA	0	165	61	104	53	10.5	30	6	NA	70	NA	NA
ng	NCT00219128	Total	NA	4	672	258	414	52.995535714285715	10.52596660900519	29.492559523809526	5.883063328890531	calculated	70	NA	NA
ctg	NCT00219141	Aliskiren 300 mg	41	10	154	42	112	58.4	9.61	NA	NA	NA	252	B1	E1
ctg	NCT00219141	Aliskiren/Losartan 300/100 mg	39	10	154	35	119	58.8	10.62	NA	NA	NA	252	B3	E3
ctg	NCT00219141	Losartan 100 mg	44	13	152	35	117	59.2	11	NA	NA	NA	252	B2	E2
ctg	NCT00219141	Total	124	33	460	112	348	58.8	10.41	NA	NA	NA	252	B4	Total
ng	NCT00219154	Aliskiren	NA	26	567	260	307	56.1	10.9	28.9	4.6	NA	392	NA	NA
ng	NCT00219154	HCTZ	NA	22	557	245	312	55.7	10.9	29.1	4.8	NA	392	NA	NA
ng	NCT00219154	Total	NA	48	1124	505	619	55.90177935943061	10.9	28.999110320284696	4.700172561022287	calculated	392	NA	NA
jo	NCT00219167	Total	110	2	355	212	143	73.5	5.78	NA	NA	jo	56	NA	NA
ng	NCT00219180	Aliskiren	NA	8	437	182	255	51.9	10.4	30.6	5.8	NA	56	NA	NA
ng	NCT00219180	Aliskiren/Valsartan	NA	3	446	171	275	52.1	10.3	30.2	5.7	NA	56	NA	NA
ng	NCT00219180	Placebo	NA	5	459	178	281	52.6	10.4	30.4	5.6	NA	56	NA	NA
ng	NCT00219180	Total	NA	22	1797	705	1092	52.255036171396775	10.375271181586863	30.474958263772955	5.649231349083809	calculated	56	NA	NA
ng	NCT00219180	Valsartan	NA	6	455	174	281	52.4	10.4	30.7	5.5	NA	56	NA	NA
ng	NCT00219193	Aliskiren/HCTZ	NA	1	166	74	92	52.3	10.9	31.3	6.28	NA	84	NA	NA
ng	NCT00219193	Aliskiren/Valsartan/HCTZ	NA	0	168	77	91	52.9	10.83	31.9	6.21	NA	84	NA	NA
ng	NCT00219193	HCTZ	NA	1	152	58	94	52.6	9.93	31.8	6.13	NA	84	NA	NA
ng	NCT00219193	Total	NA	7	641	276	365	53.18127925117004	10.785046642606721	31.57581903276131	6.124290571800891	calculated	84	NA	NA
ng	NCT00219193	Valsartan/HCTZ	NA	5	155	67	88	55	11.4	31.3	5.85	NA	84	NA	NA
jo	NCT00220220	Total	105	NA	538	275	263	56.8	NA	29.1	NA	jo	378	NA	NA
ng	NCT00220233	Olmesartan/Amlodipine 40/10mg	NA	1	628	303	325	55.1	10.93	33.1	7.27	NA	364	NA	NA
ng	NCT00220233	Total	NA	1	628	303	325	55.1	10.93	33.1	7.27	calculated	364	NA	NA
ng	NCT00239369	Telmisartan/Hydrochlorothiazide 80/12.5mg	NA	2.888	361	142	219	57.3	11.4	29.4	5.3	NA	98	NA	NA
ng	NCT00239369	Telmisartan/Hydrochlorothiazide 80/25mg	NA	4.928	352	165	187	57.1	10.5	28.9	5.4	NA	98	NA	NA
ng	NCT00239369	Total	NA	7.816	713	307	406	57.201262272089764	10.96493259602826	29.1531556802244	5.349600718567814	calculated	98	NA	NA
ng	NCT00240448	Total	NA	21	1109	NA	NA	NA	NA	NA	NA	reported	56	NA	NA
jo	NCT00240474	Total	475	37	872	NA	NA	NA	NA	NA	NA	jo	98	NA	NA
ng	NCT00260923	Aliskiren 150mg	NA	2	161	56	105	NA	NA	30.3	NA	NA	98	NA	NA
ng	NCT00260923	Aliskiren 300mg	NA	1	158	67	91	NA	NA	29.7	NA	NA	98	NA	NA
ng	NCT00260923	Aliskiren 75mg	NA	1	153	57	96	NA	NA	30.5	NA	NA	98	NA	NA
ng	NCT00260923	Placebo	NA	2	160	67	93	NA	NA	30.9	NA	NA	98	NA	NA
ng	NCT00260923	Total	NA	6	632	247	385	NA	NA	30.350316455696206	NA	calculated	98	NA	NA
jo	NCT00260923	Total	232	6	642	257	385	NA	NA	30.35	5.55	jo	56	NA	NA
ng	NCT00262236	Aliskiren	NA	5	231	97	134	55.8	11.9	28.9	4.5	NA	84	NA	NA
ng	NCT00262236	Aliskiren/Atenolol	NA	2	232	112	120	55.2	10.9	29.5	5	NA	84	NA	NA
ng	NCT00262236	Atenolol	NA	7	231	118	113	54.7	11.5	29.2	5.1	NA	84	NA	NA
ng	NCT00262236	Total	NA	14	694	327	367	55.233285302593664	11.439952713614032	29.200432276657057	4.873924238425365	calculated	84	NA	NA
jo	NCT00264212	Total	109	11	392	274	118	72.1	6.55	NA	NA	jo	84	NA	NA
ng	NCT00273299	Total	NA	1	608	261	347	51.6	10.85217959583226	31.300986842105264	6.8	calculated	70	NA	NA
ng	NCT00273299	Valsartan	NA	0	301	138	163	51.6	11.2	31.2	6.8	NA	70	NA	NA
ng	NCT00273299	Valsartan/HCTZ	NA	1	307	123	184	51.6	10.5	31.4	6.8	NA	70	NA	NA
jo	NCT00274599	Total	223	22	812	NA	NA	NA	NA	NA	NA	jo	98	NA	NA
jo	NCT00274612	Total	315	13	801	NA	NA	NA	NA	NA	NA	jo	98	NA	NA
ng	NCT00277472	HCTZ	NA	1	145	59	86	52.6	10.6	33	7.24	NA	196	NA	NA
ng	NCT00277472	Total	NA	4	291	111	180	52.75051546391752	10.6	32.44810996563574	6.495485895929685	calculated	196	NA	NA
ng	NCT00277472	Valsartan/HCTZ	NA	3	146	52	94	52.9	10.6	31.9	5.66	NA	196	NA	NA
jo	NCT00280540	Total	335	13	652	298	354	52.6	10	32.4	6.7	jo	42	NA	NA
ctg	NCT00281580	Amlodipine 10 mg (A10)	29	0	129	64	65	53.4	10.7	NA	NA	NA	56	B16	E16
ctg	NCT00281580	Amlodipine 2.5 mg (A2.5)	3	1	50	23	27	55.3	10.4	NA	NA	NA	56	B14	E14
ctg	NCT00281580	Amlodipine 5 mg (A5)	11	1	140	68	72	53.1	10.6	NA	NA	NA	56	B15	E15
ctg	NCT00281580	PLACEBO	6	0	46	17	29	52.5	12.3	NA	NA	NA	56	B1	E1
ctg	NCT00281580	Telmisartan 20 mg (T20)	5	0	42	16	26	53.6	10.4	NA	NA	NA	56	B2	E2
ctg	NCT00281580	Telmisartan 20 mg Plus Amlodipine 10 mg (T20+A10)	6	0	44	18	26	51	11.2	NA	NA	NA	56	B7	E5
ctg	NCT00281580	Telmisartan 20 mg Plus Amlodipine 2.5 mg (T20+A2.5)	4	0	44	18	26	54	10.8	NA	NA	NA	56	B5	E3
ctg	NCT00281580	Telmisartan 20 mg Plus Amlodipine 5 mg (T20+A5)	5	0	46	25	21	54.4	10.2	NA	NA	NA	56	B6	E4
ctg	NCT00281580	Telmisartan 40 mg (T40)	13	0	130	64	66	52	11	NA	NA	NA	56	B3	E6
ctg	NCT00281580	Telmisartan 40 mg Plus Amlodipine 10 mg (T40+A10)	13	0	129	67	62	53.3	11.3	NA	NA	NA	56	B10	E9
ctg	NCT00281580	Telmisartan 40 mg Plus Amlodipine 2.5 mg (T40+A2.5)	3	0	47	21	26	50.7	10.2	NA	NA	NA	56	B8	E7
ctg	NCT00281580	Telmisartan 40 mg Plus Amlodipine 5 mg (T40+A5)	9	0	143	72	71	52.3	11.9	NA	NA	NA	56	B9	E8
ctg	NCT00281580	Telmisartan 80 mg (T80)	6	1	135	75	60	53.1	11.3	NA	NA	NA	56	B4	E10
ctg	NCT00281580	Telmisartan 80 mg Plus Amlodipine 10 mg (T80+A10)	23	0	142	78	64	53.9	11.6	NA	NA	NA	56	B13	E13
ctg	NCT00281580	Telmisartan 80 mg Plus Amlodipine 2.5 mg (T80+A2.5)	3	2	48	26	22	54.8	9.7	NA	NA	NA	56	B11	E11
ctg	NCT00281580	Telmisartan 80 mg Plus Amlodipine 5 mg (T80+A5)	12	2	146	72	74	52.7	11.9	NA	NA	NA	56	B12	E12
ctg	NCT00281580	Total	151	7	1461	724	737	53.1	11.1	NA	NA	NA	56	B17	Total
ng	NCT00294710	Aliskiren	NA	26	567	260	307	56.1	10.9	28.9	4.6	NA	392	NA	NA
ng	NCT00294710	HCTZ	NA	22	557	245	312	55.7	10.9	29.1	4.8	NA	392	NA	NA
ng	NCT00294710	Total	NA	48	1124	505	619	55.90177935943061	10.9	28.999110320284696	4.700172561022287	calculated	392	NA	NA
ng	NCT00296218	Enalapril	295	43	217	0	217	NA	NA	NA	NA	NA	56	NA	NA
ng	NCT00296218	Irbesartan	132	49	212	51	161	NA	NA	NA	NA	NA	56	NA	NA
ng	NCT00296218	Total	427	92	429	51	378	NA	NA	NA	NA	calculated	56	NA	NA
ng	NCT00316095	Total	NA	13	1695	759.3599999999999	935.6400000000001	56.1	NA	NA	NA	reported	56	NA	NA
ng	NCT00327145	amlodipine 10mg/valsartan 160mg	NA	13	451	240	211	58.6	12	NA	NA	NA	112	NA	NA
ng	NCT00327145	amlodipine 5mg/valsartan 160mg	NA	3	443	211	232	58.5	12.3	NA	NA	NA	112	NA	NA
ng	NCT00327145	Total	NA	16	894	451	443	58.55044742729307	12.149580627208511	NA	NA	calculated	112	NA	NA
ng	NCT00343551	Aliskiren 300mg	NA	1	218	81	137	53.5	10.71	28.9	4.4	NA	63	NA	NA
ng	NCT00343551	Irbesartan 300mg	NA	4	222	80	142	53.4	9.69	29	4.56	NA	63	NA	NA
ng	NCT00343551	Ramipril 10mg	NA	1	214	93	121	53.9	9.91	28.9	4.39	NA	63	NA	NA
ng	NCT00343551	Total	NA	6	654	254	400	53.59694189602447	10.111525043715089	28.93394495412844	4.451731726079538	calculated	63	NA	NA
ng	NCT00344110	Aliskiren 150mg	NA	0	302	82	220	52	10.24	25.4	3.78	NA	56	NA	NA
ng	NCT00344110	Losartan 50mg	NA	1	303	82	221	52.1	10.25	25.9	3.64	NA	56	NA	NA
ng	NCT00344110	Placebo	NA	1	156	40	116	52.1	9.85	25.4	4.03	NA	56	NA	NA
ng	NCT00344110	Total	NA	2	761	204	557	52.060315374507226	10.165484315665028	25.59908015768725	3.7780659673734998	calculated	56	NA	NA
ng	NCT00350168	Amlodipine	NA	0	324	165	159	58.1	10.44	30.3	5.7	NA	56	NA	NA
ng	NCT00350168	Total	NA	3	646	322	324	58.10000000000001	10.340794087508389	29.951083591331273	5.562196938495499	calculated	56	NA	NA
ng	NCT00350168	Valsartan/Amlodipine	NA	3	322	157	165	58.1	10.24	29.6	5.42	NA	56	NA	NA
ng	NCT00353912	Amlodipine	NA	3	286	178	108	53.6	11.79	NA	NA	NA	84	NA	NA
ng	NCT00353912	Total	NA	6	572	344	228	53.25	11.01445640964637	NA	NA	calculated	84	NA	NA
ng	NCT00353912	Valsartan/Amlodipine	NA	3	286	166	120	52.9	10.18	NA	NA	NA	84	NA	NA
ctg	NCT00368277	Aliskiren	205	35	452	235	222	72	5.56	NA	NA	NA	252	B1	E1
ctg	NCT00368277	Ramipril	208	27	444	237	207	72.2	5.62	NA	NA	NA	252	B2	E2
jo	NCT00368277	Total	664	62	901	472	429	72.1	5.59	NA	NA	jo	252	NA	NA
ctg	NCT00368277	Total	413	62	896	472	429	72.1	5.58	NA	NA	NA	252	B3	Total
ng	NCT00385931	Total	NA	3	404	192	212	63.488861386138616	8.299547804885881	NA	NA	calculated	126	NA	NA
ng	NCT00385931	Valsartan 160mg	NA	1	137	66	71	62.9	8.1	NA	NA	NA	126	NA	NA
ng	NCT00385931	Valsartan 160mg + Simvastatin 20mg	NA	1	135	66	69	63	8.2	NA	NA	NA	126	NA	NA
ng	NCT00385931	Valsartan 160mg + Simvastatin 80mg	NA	1	132	60	72	64.6	8.6	NA	NA	NA	126	NA	NA
ng	NCT00386139	Aliskiren 300mg	NA	4	298	139	159	55.5	10.6	29.2	4.53	NA	56	NA	NA
ng	NCT00386139	Aliskiren/HCTZ 300/12.5mg	NA	2	293	138	155	54.9	10.49	29.2	4.92	NA	56	NA	NA
ng	NCT00386139	Aliskiren/HCTZ 300/25mg	NA	3	289	117	172	54.4	10.25	28.9	4.55	NA	56	NA	NA
ng	NCT00386139	Total	NA	9	880	394	486	54.93897727272728	10.44945641354872	29.101477272727276	4.66986458409143	calculated	56	NA	NA
ng	NCT00387517	Aliskiren/HCTZ 150/25mg	NA	1	244	100	144	53.6	11.11	28.9	4.71	NA	56	NA	NA
ng	NCT00387517	Aliskiren/HCTZ 300/25mg	NA	1	232	92	140	54.1	9.45	29.9	5	NA	56	NA	NA
ng	NCT00387517	HCTZ 25mg	NA	0	246	103	143	52.9	11.49	29.7	4.99	NA	56	NA	NA
ng	NCT00387517	Total	NA	2	722	295	427	53.52216066481994	10.7421286186716	29.493905817174515	4.9004357899935584	calculated	56	NA	NA
ng	NCT00400777	Total	NA	2	264	192	72	56.54	NA	30.9	NA	reported	119	NA	NA
ng	NCT00409643	Amlodipine 10mg	35	1	207	93	114	55.4	NA	NA	NA	NA	56	NA	NA
ng	NCT00409643	Placebo	13	3	209	116	93	58	NA	NA	NA	NA	56	NA	NA
ng	NCT00409643	Total	142	9	1250	621	629	56.93704	NA	NA	NA	calculated	56	NA	NA
ng	NCT00409643	Valsartan 160mg	14	1	207	115	92	56.8	NA	NA	NA	NA	56	NA	NA
ng	NCT00409643	Valsartan 320mg	12	1	208	100	108	56.7	NA	NA	NA	NA	56	NA	NA
ng	NCT00409643	Valsartan/Amlodipine 160/10mg	39	1	209	100	109	56.7	NA	NA	NA	NA	56	NA	NA
ng	NCT00409643	Valsartan/Amlodipine 320/10mg	29	2	210	97	113	58	NA	NA	NA	NA	56	NA	NA
ng	NCT00409760	Amlodipine 2.5mg	NA	1	126	60	66	54.4	NA	NA	NA	NA	84	NA	NA
ng	NCT00409760	Amlodipine 5mg	NA	1	128	60	68	53.8	NA	NA	NA	NA	84	NA	NA
ng	NCT00409760	Placebo	NA	1	128	58	70	53.7	NA	NA	NA	NA	84	NA	NA
ng	NCT00409760	Total	NA	8	1150	526	624	54.47886956521739	NA	NA	NA	reported	84	NA	NA
ng	NCT00409760	Valsartan 160mg	NA	1	128	59	69	53	NA	NA	NA	NA	84	NA	NA
ng	NCT00409760	Valsartan 320mg	NA	1	128	61	67	56.8	NA	NA	NA	NA	84	NA	NA
ng	NCT00409760	Valsartan 40mg	NA	2	127	55	72	55	NA	NA	NA	NA	84	NA	NA
ng	NCT00409760	Valsartan 80mg	NA	1	124	68	56	53.1	NA	NA	NA	NA	84	NA	NA
ng	NCT00409760	Valsartan/Amlodipine 160/2.5mg	NA	0	127	60	67	55.1	NA	NA	NA	NA	84	NA	NA
ng	NCT00409760	Valsartan/Amlodipine 160/5mg	NA	0	127	69	58	54.9	NA	NA	NA	NA	84	NA	NA
ng	NCT00409760	Valsartan/Amlodipine 320/2.5mg	NA	1	129	54	75	55.1	NA	NA	NA	NA	84	NA	NA
ng	NCT00409760	Valsartan/Amlodipine 320/5mg	NA	1	127	56	71	55.3	NA	NA	NA	NA	84	NA	NA
ng	NCT00409760	Valsartan/Amlodipine 40/2.5mg	NA	2	129	53	76	54.5	NA	NA	NA	NA	84	NA	NA
ng	NCT00409760	Valsartan/Amlodipine 40/5mg	NA	1	125	54	71	53.4	NA	NA	NA	NA	84	NA	NA
ng	NCT00409760	Valsartan/Amlodipine 80/2.5mg	NA	1	130	51	79	54.1	NA	NA	NA	NA	84	NA	NA
ng	NCT00409760	Valsartan/Amlodipine 80/5mg	NA	1	128	71	57	54.2	NA	NA	NA	NA	84	NA	NA
ctg	NCT00413049	Amlodipine 5 mg	2	2	349	109	240	54.2	9.1	NA	NA	NA	56	B2	E2
ctg	NCT00413049	Total	6	6	698	243	453	53.8	9.4	NA	NA	NA	56	B3	Total
ctg	NCT00413049	Valsartan/Amlodipine 80/5 mg	4	4	349	134	213	53.4	9.7	NA	NA	NA	56	B1	E1
ctg	NCT00413413	Total	8	8	918	346	570	51.5	9.8	NA	NA	NA	56	B4	Total
ctg	NCT00413413	Valsartan 160 mg	4	4	303	104	198	51.2	9.6	NA	NA	NA	56	B3	E3
ctg	NCT00413413	Valsartan 80 mg	0	0	307	115	191	51.7	8.9	NA	NA	NA	56	B2	E2
ctg	NCT00413413	Valsartan/Amlodipine 80/5 mg	4	4	308	127	181	51.6	10.8	NA	NA	NA	56	B1	E1
ctg	NCT00425373	Amlodipine 2.5 mg	13	1	161	49	112	53.2	10.83	NA	NA	NA	56	B7	E4
ctg	NCT00425373	Amlodipine 5 mg	12	0	161	40	121	54.4	10.67	NA	NA	NA	56	B8	E7
ctg	NCT00425373	Placebo	19	2	166	55	111	51.5	10.58	NA	NA	NA	56	B9	E1
ctg	NCT00425373	Total	148	5	1468	405	1063	53.1	10.57	NA	NA	NA	56	B10	Total
ctg	NCT00425373	Valsartan + Amlodipine 40/2.5 mg	17	0	159	46	113	53.9	10.34	NA	NA	NA	56	B1	E5
ctg	NCT00425373	Valsartan + Amlodipine 40/5 mg	21	1	167	49	118	52.8	10.7	NA	NA	NA	56	B2	E8
ctg	NCT00425373	Valsartan + Amlodipine 80/2.5 mg	10	1	160	40	120	52.8	10.76	NA	NA	NA	56	B3	E6
ctg	NCT00425373	Valsartan + Amlodipine 80/5 mg	14	0	162	39	123	54.1	9.75	NA	NA	NA	56	B4	E9
ctg	NCT00425373	Valsartan 40 mg	23	0	169	38	131	52.9	10.08	NA	NA	NA	56	B5	E2
ctg	NCT00425373	Valsartan 80 mg	19	0	163	49	114	52.6	11.29	NA	NA	NA	56	B6	E3
jo	NCT00425997	Total	194	5	482	225	257	57.4	10.35	30.85	5.75	jo	70	NA	NA
ng	NCT00439738	HCTZ +Amlodipine	NA	1	206	148	58	55.4	8.54	35.2	7.33	NA	112	NA	NA
ng	NCT00439738	Total	NA	1	412	272	140	55.95	8.585117937454324	35	7.098890758421347	calculated	112	NA	NA
ng	NCT00439738	valsartan/HCTZ	NA	0	206	124	82	56.5	8.63	34.8	6.86	NA	112	NA	NA
jo	NCT00454662	Total	1399	464	5141	2488	2653	74.2	2.83	24.28	3.4	jo	1201.2	NA	NA
jo	NCT00500604	Total	NA	NA	1617	NA	NA	NA	NA	NA	NA	jo	168	NA	NA
ctg	NCT00529451	Aliskiren 150 mg	5	2	323	140	183	53.3	10.53	NA	NA	NA	56	B2	E2
ctg	NCT00529451	Aliskiren 300 mg	5	1	331	150	181	53.8	9.45	NA	NA	NA	56	B1	E1
ctg	NCT00529451	Aliskiren 75 mg	5	3	332	144	188	52.7	10.22	NA	NA	NA	56	B3	E3
ctg	NCT00529451	Ramipril 5 mg	18	1	329	151	179	52.9	9.6	NA	NA	NA	56	B4	E4
jo	NCT00529451	Total	237	7	1613	882	731	53.2	9.95	26.1	3.58	jo	56	NA	NA
ctg	NCT00529451	Total	33	7	1315	585	731	53.2	9.95	NA	NA	NA	56	B5	Total
ng	NCT00538486	Metformin	34	NA	180	118	62	58	7	27.7	2.9	NA	168	NA	NA
ng	NCT00538486	Placebo	32	NA	180	108	72	57	7	27.4	2.7	NA	168	NA	NA
ng	NCT00538486	Total	66	0	360	226	134	57.5	7	27.549999999999997	2.8	NA	168	NA	NA
ctg	NCT00546754	Losartan 50 mg/HCTZ 12.5 mg	67	11	425	197	219	58.7	11.11	NA	NA	NA	84	B1	E1
ctg	NCT00546754	Total	129	16	808	377	412	58.5	10.71	NA	NA	NA	84	B3	Total
ctg	NCT00546754	Valsartan 80 mg/HCTZ 12.5 mg	62	5	383	180	193	58.3	10.26	NA	NA	NA	84	B2	E2
ctg	NCT00550953	Telmisartan 40 mg Monotherapy	16	0	158	35	123	55.5	10.2	NA	NA	NA	56	B2	E2
ctg	NCT00550953	Telmisartan 40 mg Plus Amlodipine 5 mg Fixed-dose Combination	20	1	156	42	114	55.4	9.1	NA	NA	NA	56	B1	E1
ctg	NCT00550953	Total	36	1	314	77	237	55.5	9.6	NA	NA	NA	56	B3	Total
ctg	NCT00553267	Amlodipine 10mg	23	1	-Inf	128	187	56.4	10.4	NA	NA	NA	56	B1	E1
ctg	NCT00553267	Telmisartan 40mg and Amlodipine 10mg	24	3	-Inf	145	170	57.6	9.4	NA	NA	NA	56	B2	E2
ctg	NCT00553267	Telmisartan 80mg and Amlodipine 10mg	27	0	-Inf	146	171	55.5	9.8	NA	NA	NA	56	B3	E3
ctg	NCT00553267	Total	74	4	-Inf	419	528	56.5	9.9	NA	NA	NA	56	B4	Total
ctg	NCT00558064	Amlodipine 5 mg Monotherapy	36	2	262	76	186	56	9.9	NA	NA	NA	56	B2	E2
ctg	NCT00558064	Telmisartan 40 mg Plus Amlodipine 5 mg Fixed-dose Combination	26	1	269	72	197	57	9.6	NA	NA	NA	56	B1	E1
ctg	NCT00558064	Total	62	3	531	148	383	56.5	9.7	NA	NA	NA	56	B3	Total
ctg	NCT00558428	Amlodipine 10mg	75	1	276	100	176	54.3	10.6	NA	NA	NA	56	B2	E2
ctg	NCT00558428	Amlodipine 5mg	24	2	267	104	163	54	10.6	NA	NA	NA	56	B1	E1
ctg	NCT00558428	Telmisartan 40mg and Amlodipine 5mg	16	2	277	117	160	53.9	11	NA	NA	NA	56	B3	E3
ctg	NCT00558428	Telmisartan 80mg and Amlodipine 5mg	11	1	277	94	183	54.5	10.2	NA	NA	NA	56	B4	E4
ctg	NCT00558428	Total	126	6	1097	415	682	54.2	10.6	NA	NA	NA	56	B5	Total
ctg	NCT00591578	Azilsartan Medoxomil 40 mg QD	85	8	327	163	164	57.8	12.1	NA	NA	NA	168	B1	NA
ctg	NCT00591578	Azilsartan Medoxomil 80 mg QD	79	5	329	160	169	56.8	10.7	NA	NA	NA	168	B2	NA
ctg	NCT00591578	Total	245	25	1152	475	509	57.56666667	11.23333333	NA	NA	NA	168	B4	NA
ctg	NCT00591578	Valsartan 320 mg QD	61	8	326	152	176	58.1	10.9	NA	NA	NA	168	B3	NA
ctg	NCT00614380	Telmisartan 40mg and Amlodipine 5mg	79	22	976	240	324	54.8	10.9	NA	NA	NA	238	B1	E1
ctg	NCT00614380	Telmisartan 40mg and Amlodipine 5mg	79	22	976	8	17	54.4	10.8	NA	NA	NA	238	B3	E1
ctg	NCT00614380	Telmisartan 80mg and Amlodipine 5mg	51	6	397	72	134	52.9	10.6	NA	NA	NA	238	B2	E2
ctg	NCT00614380	Telmisartan 80mg and Amlodipine 5mg	51	6	397	45	136	52.4	9.6	NA	NA	NA	238	B4	E2
ctg	NCT00614380	Total	130	28	1373	365	611	53.9	10.6	NA	NA	NA	238	B5	Total
ctg	NCT00624052	Telmisartan 40mg and Amlodipine 10mg	4	4	838	93	126	56.2	9.9	NA	NA	NA	238	B1	E1
ctg	NCT00624052	Telmisartan 80mg and Amlodipine 10mg	13	13	611	206	230	57.3	9.4	NA	NA	NA	238	B2	E2
ctg	NCT00624052	Total	17	17	1449	367	471	56.4	9.7	NA	NA	NA	238	B5	Total
ctg	NCT00631917	Aliskiren	191	28	375	194	181	59.3	6.99	NA	NA	NA	378	B1	E1
ctg	NCT00631917	Ramipril	198	22	399	194	205	59.3	6.65	NA	NA	NA	378	B2	E2
ctg	NCT00631917	Total	389	50	774	388	386	59.3	6.81	NA	NA	NA	378	B3	Total
ctg	NCT00649389	AML10/HCTZ25	221	9	552	266	334	54.6	10.82	NA	NA	NA	84	B3	E3
ctg	NCT00649389	OM40/AML10	219	9	596	303	325	55.1	10.93	NA	NA	NA	84	B1	E1
ctg	NCT00649389	OM40/AML10/HCTZ25	247	10	574	307	320	54.7	11.22	NA	NA	NA	84	B4	E4
ctg	NCT00649389	OM40/HCTZ25	217	7	580	298	339	55.9	10.78	NA	NA	NA	84	B2	E2
ctg	NCT00649389	Total	904	35	2302	1174	1318	55.1	10.94	NA	NA	NA	84	B5	Total
ctg	NCT00687973	Atenolol/Amlodipine 100/10 mg	35	4	200	101	99	56.2	11.09	NA	NA	NA	168	B2	E3
ctg	NCT00687973	Total	82	11	786	183	210	56.9	10.55	NA	NA	NA	168	B3	Total
ctg	NCT00687973	Valsartan/Amlodipine 160/10 mg	34	4	193	82	111	57.5	9.94	NA	NA	NA	168	B1	E2
ctg	NCT00696241	Azilsartan Medoxomil 20 mg QD	31	8	283	150	133	57.1	11.02	30.4	5.67	NA	42	B1	E1
ctg	NCT00696241	Azilsartan Medoxomil 40 mg QD	19	0	281	141	142	57.4	9.62	30.6	5.94	NA	42	B2	E2
ctg	NCT00696241	Azilsartan Medoxomil 80 mg QD	33	1	284	136	149	58.1	11.56	30	5.48	NA	42	B3	E3
ctg	NCT00696241	Olmesartan 40 mg QD	20	2	282	142	140	58.9	11.57	29.8	5.25	NA	42	B4	E4
ctg	NCT00696241	Placebo QD	16	3	142	66	76	59.4	10.53	30	4.93	NA	42	B5	E5
ctg	NCT00696241	Total	119	14	1272	635	640	58.04439216	10.89703529	30.17772549	5.51214902	NA	42	B6	Total
ctg	NCT00696436	Azilsartan Medoxomil 40 mg QD	20	2	280	133	147	57	12	31.7	6	NA	42	B1	E1
ctg	NCT00696436	Azilsartan Medoxomil 80 mg QD	15	3	284	134	151	56	11	30.7	5.9	NA	42	B2	E2
ctg	NCT00696436	Olmesartan 40 mg QD	27	4	290	131	159	56	11	31.1	5.5	NA	42	B4	E4
ctg	NCT00696436	Placebo QD	16	2	155	64	90	56	11	30.5	5.4	NA	42	B5	E5
ctg	NCT00696436	Total	102	14	1286	592	699	55.99845081	11.21688613	31.07025562	5.684817971	NA	42	B6	Total
ctg	NCT00696436	Valsartan 320 mg QD	24	3	277	130	152	55	11	31.1	5.5	NA	42	B3	E3
ctg	NCT00698646	HCTZ	31	4	128	62	66	77.7	4.8	NA	NA	NA	112	B2	E2
jo	NCT00698646	Total	214	10	380	210	170	77.5	4.34	28.86	4.91	jo	112	NA	NA
ctg	NCT00698646	Total	76	10	384	214	170	77.5	4.34	NA	NA	NA	112	B4	Total
ctg	NCT00698646	Valsartan	26	3	128	81	47	77.7	4.22	NA	NA	NA	112	B1	E3
ctg	NCT00698646	Valsartan + HCTZ	19	3	128	71	57	77.2	3.99	NA	NA	NA	112	B3	E1
ctg	NCT00699192	Amlodipine 5 mg	1	1	272	142	130	71.4	5.44	NA	NA	NA	56	B3	E3
ctg	NCT00699192	Amlodipine/Valsartan 5/40 mg	2	2	272	138	134	71.6	5.38	NA	NA	NA	56	B2	E2
ctg	NCT00699192	Amlodipine/Valsartan 5/80 mg	5	5	274	152	123	71.8	5.01	NA	NA	NA	56	B1	E1
jo	NCT00699192	Total	159	8	819	432	387	71.6	5.27	28.23	4.2	jo	56	NA	NA
ctg	NCT00699192	Total	8	8	818	432	387	71.6	5.27	NA	NA	NA	56	B4	Total
ctg	NCT00705575	Aliskiren (300 mg)	38	4	339	172	167	56.4	10.73	NA	NA	NA	84	B2	E2
ctg	NCT00705575	Aliskiren/Hydrochlorothiazide (HCTZ) (300/25 mg)	29	2	349	169	180	57.4	10.33	NA	NA	NA	84	B1	E1
jo	NCT00705575	Total	267	6	688	341	347	56.9	10.53	30	5.55	jo	84	NA	NA
ctg	NCT00705575	Total	67	6	688	341	347	56.9	10.53	NA	NA	NA	84	B3	Total
ctg	NCT00706134	Aliskiren 150 mg	3	3	189	106	83	72.1	5.47	NA	NA	NA	56	B3	E3
ctg	NCT00706134	Aliskiren 300 mg	0	0	188	102	84	72.1	5.47	NA	NA	NA	56	B4	E4
ctg	NCT00706134	Aliskiren 75 mg	2	2	191	109	83	72.1	5.47	NA	NA	NA	56	B2	E2
ctg	NCT00706134	Placebo	1	1	186	100	89	72.3	5.25	NA	NA	NA	56	B1	E1
jo	NCT00706134	Total	152	6	754	415	339	72.2	5.4	28.36	4.47	jo	56	NA	NA
ctg	NCT00706134	Total	6	6	754	417	339	72.1	5.47	NA	NA	NA	56	B5	Total
ctg	NCT00739973	Aliskiren 150 mg Tablet	15	0	194	76	119	54.3	11.07	NA	NA	NA	56	B2	E2
ctg	NCT00739973	Aliskiren 300 mg Tablet	18	0	203	108	95	54	9.99	NA	NA	NA	56	B3	E3
ctg	NCT00739973	Aliskiren/Amlodipine 150/10 mg Tablet	21	2	181	96	87	53	10.59	NA	NA	NA	56	B7	E7
ctg	NCT00739973	Aliskiren/Amlodipine 150/5 mg Tablet	16	1	181	84	97	53.9	10.82	NA	NA	NA	56	B6	E6
ctg	NCT00739973	Aliskiren/Amlodipine 300/10 mg Tablet	31	1	184	78	106	54.4	10.86	NA	NA	NA	56	B9	E9
ctg	NCT00739973	Aliskiren/Amlodipine 300/5 mg Tablet	9	1	178	100	78	54.8	10.29	NA	NA	NA	56	B8	E8
ctg	NCT00739973	Amlodipine 10 mg Capsule	33	1	181	94	87	55	10.34	NA	NA	NA	56	B5	E5
ctg	NCT00739973	Amlodipine 5 mg Capsule	19	1	185	86	99	54.2	11.61	NA	NA	NA	56	B4	E4
ctg	NCT00739973	Placebo	24	2	198	108	90	53.7	10.32	NA	NA	NA	56	B1	E1
jo	NCT00739973	Total	587	9	1688	830	858	54.1	10.65	30.3	5.42	jo	112	NA	NA
ctg	NCT00739973	Total	186	9	1685	830	858	54.1	10.65	NA	NA	NA	56	B10	Total
ng	NCT00750113	nifedipine	NA	3	103	NA	NA	NA	NA	NA	NA	NA	168	NA	NA
ng	NCT00750113	nifedipine/telmisartan	NA	3	201	NA	NA	NA	NA	NA	NA	NA	168	NA	NA
ng	NCT00750113	telmisartan	NA	2	101	NA	NA	NA	NA	NA	NA	NA	168	NA	NA
ng	NCT00750113	Total	NA	8	405	NA	NA	NA	NA	NA	NA	calculated	168	NA	NA
jo	NCT00751751	Total	NA	NA	441	NA	NA	NA	NA	NA	NA	jo	420	NA	NA
jo	NCT00751829	Total	NA	NA	417	NA	NA	NA	NA	NA	NA	jo	224	NA	NA
ctg	NCT00760266	Aliskiren / HCTZ	21	4	227	127	101	64.5	7.57	NA	NA	NA	28	B1	E1
ctg	NCT00760266	HCTZ	29	3	223	100	123	65.1	6.96	NA	NA	NA	28	B2	E2
ctg	NCT00760266	Total	50	7	450	227	224	64.8	7.27	NA	NA	NA	28	B3	Total
ctg	NCT00765674	Aliskiren / Amlodipine	35	3	287	115	172	54.4	11.33	NA	NA	NA	56	B1	E1
ctg	NCT00765674	Aliskiren / Amlodipine / Hydrochlorothiazide	35	6	309	123	187	55.4	10.54	NA	NA	NA	56	B4	E4
ctg	NCT00765674	Aliskiren / Hydrochlorothiazide	19	2	297	123	175	55.5	10.75	NA	NA	NA	56	B2	E2
ctg	NCT00765674	Amlodipine / Hydrochlorothiazide	28	2	295	110	186	55.1	10.86	NA	NA	NA	56	B3	E3
ctg	NCT00765674	Total	117	13	1188	471	720	55.1	10.86	NA	NA	NA	56	B5	Total
ctg	NCT00777946	Aliskiren 300 mg	2	1	260	103	157	54.7	10.99	NA	NA	NA	56	B3	E3
ctg	NCT00777946	Aliskiren 300 mg/Amlodipine 10 mg	29	3	282	120	163	54.6	10.67	NA	NA	NA	56	B1	E1
ctg	NCT00777946	Aliskiren 300 mg/Amlodipine 5 mg	10	4	276	101	176	54.4	10.69	NA	NA	NA	56	B2	E2
ctg	NCT00777946	Total	41	8	818	324	496	54.6	10.77	NA	NA	NA	56	B4	Total
ctg	NCT00778921	Aliskiren 150mg/ Amlodipine 10mg	36	1	283	113	172	54.4	10.7	NA	NA	NA	56	B2	E2
ctg	NCT00778921	Aliskiren 300mg/ Amlodipine 10mg	35	4	279	116	163	55.2	10.19	NA	NA	NA	56	B1	E1
ctg	NCT00778921	Amlodipine 10mg	40	0	281	99	184	54.3	10.92	NA	NA	NA	56	B3	E3
ctg	NCT00778921	Total	111	5	843	328	519	54.6	10.6	NA	NA	NA	56	B4	Total
ctg	NCT00787605	Aliskiren/HCTZ	31	3	428	212	216	59.7	9.83	NA	NA	NA	56	B1	E1
ctg	NCT00787605	Amlodipine	90	4	431	209	223	59.8	10.01	NA	NA	NA	56	B2	E2
ctg	NCT00787605	Total	121	7	859	421	439	59.8	9.91	NA	NA	NA	56	B3	Total
ctg	NCT00797316	Aliskiren	22	4	265	129	136	53.5	10.87	NA	NA	NA	56	B2	E2
ctg	NCT00797316	Aliskiren/HCTZ	16	3	267	128	139	54.4	11.09	NA	NA	NA	56	B1	E1
ctg	NCT00797316	Total	38	7	532	257	275	53.9	10.98	NA	NA	NA	56	B3	Total
ctg	NCT00809926	Total	37	8	451	223	228	57.1	11	NA	NA	NA	56	B3	Total
ctg	NCT00809926	Valsartan	18	3	219	116	103	56.7	11	NA	NA	NA	56	B2	E2
ctg	NCT00809926	Valsartan/ Aliskiren	19	5	232	107	125	57.5	11.1	NA	NA	NA	56	B1	E1
ctg	NCT00841672	Aliskiren/Amlodipine 300/10 mg Tablet	41	0	243	136	108	59	10.38	NA	NA	NA	56	B1	E1
ctg	NCT00841672	Amlodipine 10 mg Capsule	59	3	241	139	102	59	10.82	NA	NA	NA	56	B2	E2
ctg	NCT00841672	Total	100	3	484	275	210	59	10.6	NA	NA	NA	56	B3	Total
ctg	NCT00846365	Azilsartan Medoxomil 20-40mg Plus Chlorthalidone 12.5-25 mg QD	70	4	372	175	197	55.5	10.49	31.7	5.94	NA	56	B1	E1
ctg	NCT00846365	Azilsartan Medoxomil 40-80mg Plus Chlorthalidone 12.5-25 mg QD	80	8	357	174	183	56.7	10.83	31.8	6.4	NA	56	B2	E2
ctg	NCT00846365	Olmesartan Medoxomil 20-40mg/Hydrochlorothiazide 12.5-25mg QD	62	6	356	173	183	55.7	9.78	31.9	6.08	NA	56	B3	E3
ctg	NCT00846365	Total	212	18	1085	522	563	56	10.38	31.8	6.14	NA	56	B4	Total
ctg	NCT00853957	Aliskiren/Amlodipine	26	1	220	123	97	53.2	9.33	NA	NA	NA	56	B1	E1
ctg	NCT00853957	Amlodipine	32	1	223	115	108	52.4	10.57	NA	NA	NA	56	B2	E2
ctg	NCT00853957	Total	58	2	443	238	205	52.8	9.97	NA	NA	NA	56	B3	Total
ctg	NCT00860262	Amlodipine 10 mg	44	2	220	102	118	58.6	10.5	30.7	6.3	NA	56	B3	E3
ctg	NCT00860262	T80+A10	70	3	421	202	219	58	10.4	30.6	5.9	NA	56	B1	E1
ctg	NCT00860262	Telmisartan 80 mg	27	2	217	109	108	58.1	10.2	30.2	5.2	NA	56	B2	E2
ctg	NCT00860262	Total	141	7	858	413	445	58.2	10.3	30.6	5.8	NA	56	B4	Total
ctg	NCT00865020	Aliskiren 300 mg	18	3	411	206	208	55.8	11.46	NA	NA	NA	91	B1	E1
ctg	NCT00865020	Telmisartan 80 mg	37	5	403	178	230	56	11.91	NA	NA	NA	91	B2	E2
ctg	NCT00865020	Total	55	8	814	384	438	55.9	11.68	NA	NA	NA	91	B3	Total
jo	NCT00872586	Total	NA	NA	304	NA	NA	NA	NA	NA	NA	jo	84	NA	NA
ctg	NCT00877929	Amlodipine 10 mg	75	4	354	169	185	60.5	9.7	31.8	6.1	NA	56	B2	E2
ctg	NCT00877929	Telmisartan 80 mg + Amlodipine 10 mg	65	3	352	172	180	60.5	10.4	32.1	6	NA	56	B1	E1
ctg	NCT00877929	Total	140	7	706	341	365	60.5	10.1	32	6.1	NA	56	B3	Total
ctg	NCT00902304	Combination (Initial Combination Therapy Arm)	127	22	678	260	418	59	12	NA	NA	NA	182	B3	E4
ctg	NCT00902304	Monotherapy (Initial Monotherapy Arm)	51	15	360	138	222	59	12	NA	NA	NA	182	B2	E3
ctg	NCT00902304	Total	371	88	3747	599	963	59	12	NA	NA	NA	182	B4	Total
ctg	NCT00902304	Usual Care	71	24	524	201	323	59	12	NA	NA	NA	182	B1	E2
ctg	NCT00902538	OLM 40-AML 10-HCTZ 25	10	3	270	116	154	54.9	10.44	30.44	4.87	NA	112	B3	E3
ctg	NCT00902538	OLM 40-AML 10-Hydrochlorothiazide (HCTZ) 12.5	22	15	269	104	165	56.5	10.25	30.3	4.65	NA	112	B2	E2
ctg	NCT00902538	Olmesartan(OLM) 40 Mg-Amlodipine(AML) 10 mg	131	18	2204	119	150	55.9	10.56	30.27	4.9	NA	112	B1	E1
ctg	NCT00902538	Total	163	36	2743	339	469	55.8	10.42	30.34	4.8	NA	112	B4	Total
ctg	NCT00923091	Olmesartan/Amlodipine 20mg/5mg	27	1	333	185	152	56.1	10.22	NA	NA	NA	378	B6	E6
ctg	NCT00923091	Olmesartan/Amlodipine 40mg/10mg	37	7	325	192	144	57	9.7	NA	NA	NA	378	B8	E8
ctg	NCT00923091	Olmesartan/Amlodipine 40mg/5mg	43	5	332	170	167	56.4	10.4	NA	NA	NA	378	B7	E7
ctg	NCT00923091	Olmesartan/Amlodipine/Hydrochlorothiazide 20mg/5mg/12.5 mg	67	55	329	182	153	56	10.81	NA	NA	NA	378	B1	E1
ctg	NCT00923091	Olmesartan/Amlodipine/Hydrochlorothiazide 40mg/10mg/12.5mg	42	3	329	181	155	57	10.72	NA	NA	NA	378	B4	E4
ctg	NCT00923091	Olmesartan/Amlodipine/Hydrochlorothiazide 40mg/10mg/25mg	52	7	332	178	158	55.9	11.08	NA	NA	NA	378	B5	E5
ctg	NCT00923091	Olmesartan/Amlodipine/Hydrochlorothiazide 40mg/5mg/12.5mg	53	9	334	171	165	56.8	10.36	NA	NA	NA	378	B2	E2
ctg	NCT00923091	Olmesartan/Amlodipine/Hydrochlorothiazide 40mg/5mg/25mg	35	22	331	184	152	56.5	10.92	NA	NA	NA	378	B3	E3
ctg	NCT00923091	Total	356	109	2645	1443	1246	56.5	10.53	NA	NA	NA	378	B9	Total
ctg	NCT00926289	Telmisartan 40/80 mg	1	1	294	125	169	57.6	11.9	NA	NA	NA	49	B1	E1
ctg	NCT00926289	Telmisartan 40/80 mg + HCTZ 12.5/25 mg	0	0	594	285	309	56.8	11.3	NA	NA	NA	49	B2	E2
ctg	NCT00926289	Total	1	1	888	410	478	57	11.5	NA	NA	NA	49	B3	Total
ctg	NCT00927394	Combination Therapy: Aliskiren + Valsartan	43	9	574	233	341	55	9.3	NA	NA	NA	56	B1	E1
ctg	NCT00927394	Monotherapy: Valsartan	45	9	565	244	321	55.2	9.6	NA	NA	NA	56	B2	E2
ctg	NCT00927394	Total	88	18	1139	477	662	55.1	9.44	NA	NA	NA	56	B3	Total
ctg	NCT00931710	Losartan / HCTZ	10	2	247	111	136	57.1	9.69	NA	NA	NA	42	B2	E2
jo	NCT00931710	Total	198	3	488	213	275	56.1	9.81	32.5	6.15	jo	84	NA	NA
ctg	NCT00931710	Total	24	3	488	213	275	56.1	9.81	NA	NA	NA	42	B3	Total
ctg	NCT00931710	Valsartan / Amlodipine / HCTZ	14	1	241	102	139	55	9.83	NA	NA	NA	42	B1	E1
ctg	NCT00942994	Aliskiren / Amlodipine	21	3	209	100	109	54.7	10.19	NA	NA	NA	56	B2	E2
ctg	NCT00942994	Aliskiren / Amlodipine / HCTZ	22	0	202	107	95	55.7	9.79	NA	NA	NA	56	B1	E1
ctg	NCT00942994	Total	43	3	411	207	204	55.2	10	NA	NA	NA	56	B3	Total
ctg	NCT00949884	Losartan	152	4	469	211	258	52.1	9.76	32.28	6.619	NA	56	B3	E3
ctg	NCT00949884	Olmesartan	133	0	420	190	230	52	9.84	32.41	6.089	NA	56	B1	E1
ctg	NCT00949884	Placebo Followed by Olmesartan	21	0	52	27	25	49.9	8.67	33.62	8.103	NA	56	B2	E2
jo	NCT00949884	Total	293	4	941	428	513	51.9	9.7	32.35	6.35	jo	56	NA	NA
ctg	NCT00949884	Total	306	4	941	428	513	51.9	9.74	32.41	6.48	NA	56	B4	Total
ng	NCT00956644	amlodipine	NA	0	143	NA	NA	NA	NA	NA	NA	NA	77	NA	NA
ng	NCT00956644	irbesartan/amlodipine	NA	2	144	NA	NA	NA	NA	NA	NA	NA	77	NA	NA
ng	NCT00956644	Total	NA	2	287	NA	NA	NA	NA	NA	NA	calculated	77	NA	NA
ng	NCT00957554	irbesartan	NA	1	165	NA	NA	NA	NA	NA	NA	NA	77	NA	NA
ng	NCT00957554	irbesartan/amlodipine	NA	1	155	NA	NA	NA	NA	NA	NA	NA	77	NA	NA
ng	NCT00957554	Total	NA	2	320	NA	NA	NA	NA	NA	NA	calculated	77	NA	NA
ng	NCT00993109	adalat (nifedipine, baya1040) and valsartan	65	2	178	87.57600000000001	90.424	56.3	NA	NA	NA	NA	84	NA	NA
ng	NCT00993109	diovan (valsartan)	58	1	182	84.084	97.91599999999998	55.5	NA	NA	NA	NA	84	NA	NA
ng	NCT00993109	Total	123	3	360	171.66000000000003	188.33999999999997	55.89555555555556	NA	NA	NA	calculated	84	NA	NA
ctg	NCT00996281	Azilsartan Medoxomil and Chlorthalidone	241	24	418	192	226	58.5	10.79	31.4	6.21	NA	364	B1	E1
ctg	NCT00996281	Olmesartan Medoxomil and Hydrochlorothiazide	209	26	419	173	246	57.6	10.8	31.9	6.63	NA	364	B2	E2
ctg	NCT00996281	Total	450	50	837	365	472	58.1	10.8	31.7	6.42	NA	364	B3	Total
ctg	NCT01001572	Total	1	1	654	291	360	53	9.43	NA	NA	NA	56	B3	Total
ctg	NCT01001572	Valsartan 160 mg	1	1	325	150	173	53.1	9.41	NA	NA	NA	56	B2	E2
ctg	NCT01001572	Valsartan/Amlodipine 160/5 mg	0	0	329	141	187	52.9	9.47	NA	NA	NA	56	B1	E1
ctg	NCT01033071	Azilsartan Medoxomil 20-40mg/Chlorthalidone 12.5-25mg QD	142	1	355	132	223	56.4	10.49	31.4	5.94	NA	84	B1	E1
ctg	NCT01033071	Azilsartan Medoxomil 40-80mg/Chlorthalidone 12.5-25mg QD	154	10	352	151	201	56.7	10.07	31.9	6.59	NA	84	B2	E2
ctg	NCT01033071	Olmesartan Medoxomil 20-40mg/Hydrochlorothiazide 12.5-25mg QD	102	8	364	159	205	56.7	10.86	31.6	5.92	NA	84	B3	E3
ctg	NCT01033071	Total	398	19	1071	442	629	56.6	10.47	31.6	6.15	NA	84	B4	Total
ctg	NCT01042392	Aliskiren (Period II and III)	1	1	248	133	116	61	11.4	NA	NA	NA	56	B2	E3
ctg	NCT01042392	Ramipril (Period II and III)	3	3	257	142	115	59.8	11.6	NA	NA	NA	56	B1	E1
jo	NCT01042392	Total	98	4	506	275	231	60.4	11.5	NA	NA	jo	56	NA	NA
ctg	NCT01042392	Total	4	4	745	275	231	60.4	11.5	NA	NA	NA	56	B3	Total
ng	NCT01071122	nifedipine (adalat, baya1040) 30mg	NA	2	184	NA	NA	NA	NA	NA	NA	NA	NA	NA	NA
ng	NCT01071122	nifedipine (adalat, baya1040) 60mg	NA	1	68	15.0008	52.9992	48.01	NA	25.81	3.36	NA	NA	NA	NA
ng	NCT01071122	nifedipine (adalat, baya1040) and valsartan	NA	0	66	17.9982	48.0018	47.74	NA	25.91	3.2	NA	NA	NA	NA
ng	NCT01071122	Total	NA	3	570	NA	NA	NA	NA	NA	NA	calculated	NA	NA	NA
ng	NCT01071122	valsartan 160mg	NA	0	69	20.292900000000003	48.707100000000004	49.88	NA	26.27	4.34	NA	NA	NA	NA
ng	NCT01071122	valsartan 80mg	NA	0	183	NA	NA	NA	NA	NA	NA	NA	NA	NA	NA
ng	NCT01075698	ARB group	NA	0	615	256	359	66	9	25	4	NA	1095.75	NA	NA
ng	NCT01075698	Non-ARB group	NA	0	613	257	356	66	10	25	4	NA	1095.75	NA	NA
ng	NCT01075698	Total	NA	0	1228	513	715	66	9.512334227043436	25	4	calculated	1095.75	NA	NA
ng	NCT01101009	Olmesartan/amlodipine	NA	4	244	68	176	60.9	9.21	31.1	4.14	NA	168	NA	NA
ng	NCT01101009	Perindopril+amlodipine	NA	4	242	62	180	60.8	9.38	31.5	4.38	NA	168	NA	NA
ng	NCT01101009	Total	NA	8	486	130	356	60.850205761316865	9.295037410067023	31.299176954732513	4.261194105718674	calculated	168	NA	NA
ctg	NCT01167153	Nifedipine	33	1	282	135	133	53.1	8.72	NA	NA	NA	84	B2	E2
jo	NCT01167153	Total	46	1	564	294	270	53.5	8.66	25.39	3.12	jo	84	NA	NA
ctg	NCT01167153	Total	47	1	564	270	270	53.5	8.63	NA	NA	NA	84	B3	Total
ctg	NCT01167153	Valsartan/Amlodipine	14	0	282	135	137	53.8	8.59	NA	NA	NA	84	B1	E1
ctg	NCT01237223	Aliskiren 150 mg	21	0	157	39	118	55	9.96	NA	NA	NA	56	B2	E2
ctg	NCT01237223	Aliskiren/Amlodipine 150/2.5 mg	17	0	159	51	108	54.6	11.11	NA	NA	NA	56	B5	E5
ctg	NCT01237223	Aliskiren/Amlodipine 150/5 mg	20	1	159	57	102	55.5	9.86	NA	NA	NA	56	B6	E6
ctg	NCT01237223	Amlodipine 2.5 mg	19	2	158	45	113	54.8	10.25	NA	NA	NA	56	B3	E3
ctg	NCT01237223	Amlodipine 5 mg	22	1	158	51	107	55.8	10.05	NA	NA	NA	56	B4	E4
ctg	NCT01237223	Placebo (Double Blind)	21	0	153	45	108	54.6	8.35	NA	NA	NA	56	B1	E1
ctg	NCT01237223	Total	260	8	2286	288	656	55.1	9.96	NA	NA	NA	56	B7	Total
ctg	NCT01368536	Total	62	0	417	216	200	55.1	9.2	NA	NA	NA	84	B4	Total
ctg	NCT01368536	Valturna	23	0	138	73	65	54.7	8.65	NA	NA	NA	84	B1	E1
ctg	NCT01368536	Valturna + Amlodipine	16	0	137	73	64	56	9.56	NA	NA	NA	84	B2	E2
ctg	NCT01368536	Valturna + Chlorthalidone	23	0	142	70	71	54.6	9.35	NA	NA	NA	84	B3	E3
ng	NCT01508026	Nebivolol and Valsartan Fixed Dose Combination 1	NA	2	555	255	300	50.9	10.1	31.9	6.3	NA	112	NA	NA
ng	NCT01508026	Nebivolol and Valsartan Fixed Dose Combination 2	NA	2	555	240	315	51.6	9.8	32	6	NA	112	NA	NA
ng	NCT01508026	Nebivolol and Valsartan Fixed Dose Combination 3	NA	1	554	241	313	50.8	9.7	32	6.5	NA	112	NA	NA
ng	NCT01508026	Nebivolol High Dose	NA	4	554	257	297	51.5	10.8	32	6.3	NA	112	NA	NA
ng	NCT01508026	Nebivolol Low Dose	NA	2	555	248	307	51.7	10.2	32.1	6.3	NA	112	NA	NA
ng	NCT01508026	Placebo	NA	27	277	129	148	51.1	10.4	32.6	6	NA	112	NA	NA
ng	NCT01508026	Total	NA	47	4159	1851	2308	51.31348881942775	10.193906805893254	32.01327242125511	6.189439720754518	calculated	112	NA	NA
ng	NCT01508026	Valsartan High Dose	NA	5	554	259	295	51.1	10.7	32	6	NA	112	NA	NA
ng	NCT01508026	Valsartan Low Dose	NA	4	555	222	333	51.7	9.9	31.8	6	NA	112	NA	NA
ng	NCT01518855	Amlodipine/Valsartan	NA	4	260	NA	NA	NA	NA	NA	NA	NA	112	NA	NA
ng	NCT01518855	Nifedipine/Valsartan	NA	3	245	NA	NA	NA	NA	NA	NA	NA	112	NA	NA
ng	NCT01518855	Total	NA	7	505	NA	NA	NA	NA	NA	NA	calculated	112	NA	NA
ctg	NCT01599104	LCZ696 200 mg	49	1	387	123	264	57.9	10.87	NA	NA	NA	56	B1	E1
ctg	NCT01599104	LCZ696 400 mg	48	1	385	117	268	58.7	10.5	NA	NA	NA	56	B2	E2
ctg	NCT01599104	Olmesartan 20 mg	53	7	389	103	286	59.6	10.5	NA	NA	NA	56	B3	E3
jo	NCT01599104	Total	423	9	1161	343	818	58.7	10.64	25.4	3.66	jo	56	NA	NA
ctg	NCT01599104	Total	150	9	1161	343	818	58.7	10.64	NA	NA	NA	56	B4	Total
ctg	NCT01615198	LCZ696	56	7	296	154	142	70.5	4.67	NA	NA	NA	70	B1	E1
ctg	NCT01615198	Olmesartan	46	2	292	140	152	70.9	4.67	NA	NA	NA	70	B2	E2
jo	NCT01615198	Total	254	9	588	294	294	70.7	4.67	24.5	3.19	jo	98	NA	NA
ctg	NCT01615198	Total	102	9	588	294	294	70.7	4.67	NA	NA	NA	70	B3	Total
ctg	NCT01785472	LCZ696 200 mg	71	5	478	227	252	57.5	10.17	NA	NA	NA	56	B1	E1
ctg	NCT01785472	LCZ696 400 mg	66	3	472	229	243	58.1	9.71	NA	NA	NA	56	B2	E2
ctg	NCT01785472	Olmesartan 20 mg	72	6	484	223	261	57.4	10.14	NA	NA	NA	56	B3	E3
ctg	NCT01785472	Total	209	14	1434	679	756	57.7	10.01	NA	NA	NA	56	B4	Total
ng	NCT01838850	Olmesartan/Amlodipine/Hydrochlorothiazide 20/5/12.5mg	NA	2	167	52	115	56.1	10.1	26.5	3.3	NA	112	NA	NA
ng	NCT01838850	Olmesartan/Hydrochlorothiazide 20/12.5mg	NA	1	171	51	120	56.4	10.7	26.8	3.3	NA	112	NA	NA
ng	NCT01838850	Total	NA	3	338	103	235	56.25177514792899	10.407895354695189	26.65177514792899	3.3	calculated	112	NA	NA
ctg	NCT01876368	LCZ696 200 mg	7	0	188	91	97	57.1	10.19	NA	NA	NA	56	B1	E1
ctg	NCT01876368	Olmesartan 20 mg	12	2	187	92	95	58	9.09	NA	NA	NA	56	B2	E2
jo	NCT01876368	Total	85	2	376	184	192	57.6	9.65	NA	NA	jo	56	NA	NA
ctg	NCT01876368	Total	19	2	375	183	192	57.6	9.65	NA	NA	NA	56	B3	Total
ng	NCT01928628	Lercanidipine 10mg	NA	0	151	47	104	56.5	9.6	25.8	3	NA	56	NA	NA
ng	NCT01928628	Lercanidipine 10mg	NA	0	151	47	104	56.5	9.6	25.8	3	NA	112	NA	NA
ng	NCT01928628	Lercanidipine 10mg /Valsartan 160mg	NA	0	156	48	108	55.1	9.9	25.7	2.7	NA	56	NA	NA
ng	NCT01928628	Lercanidipine 10mg /Valsartan 160mg	NA	0	156	48	108	55.1	9.9	25.7	2.7	NA	112	NA	NA
ng	NCT01928628	Lercanidipine 10mg /Valsartan 80mg	NA	2	159	50	109	54.9	10.2	25.5	3	NA	56	NA	NA
ng	NCT01928628	Lercanidipine 10mg /Valsartan 80mg	NA	2	159	50	109	54.9	10.2	25.5	3	NA	112	NA	NA
ng	NCT01928628	Total	NA	2	466	145	321	55.48540772532189	9.908203944185244	25.664163090128756	2.903022183342084	calculated	56	NA	NA
ng	NCT01928628	Total	NA	2	466	145	321	55.48540772532189	9.908203944185244	25.664163090128756	2.903022183342084	calculated	112	NA	NA
ctg	NCT01975246	Telmisartan and Amlodipine+HCTZ	36	0	149	22	127	54.4	9.1	NA	NA	NA	56	B1	E1
ctg	NCT01975246	Telmisartan+Amlodipine	14	0	160	30	130	55	9.7	NA	NA	NA	56	B2	E2
ctg	NCT01975246	Total	50	0	309	52	257	54.7	9.4	NA	NA	NA	56	B3	Total
ng	NCT02172586	Losartan	NA	1.9800000000000002	180	NA	NA	NA	NA	NA	NA	NA	168	NA	NA
ng	NCT02172586	Telmisartan	NA	2.928	183	NA	NA	NA	NA	NA	NA	NA	168	NA	NA
ng	NCT02172586	Total	NA	4.908	363	NA	NA	NA	NA	NA	NA	calculated	168	NA	NA
ng	NCT02177409	Total	NA	12	431	NA	NA	NA	NA	NA	NA	reported	84	NA	NA
jo	NCT02177435	Total	NA	3	491	NA	NA	NA	NA	NA	NA	jo	56	NA	NA
jo	NCT02177461	Total	120	18	374	NA	NA	NA	NA	NA	NA	jo	168	NA	NA
jo	NCT02177500	Total	126	1	327	NA	NA	NA	NA	NA	NA	jo	84	NA	NA
ng	NCT02183701	Losartan + Hydrochlorothiazide 50/12.5mg	91	NA	363	NA	NA	NA	NA	NA	NA	NA	70	NA	NA
ng	NCT02183701	Telmisartan 80mg	88	NA	351	NA	NA	NA	NA	NA	NA	NA	70	NA	NA
ng	NCT02183701	Total	179	NA	714	NA	NA	NA	NA	NA	NA	calculated	70	NA	NA
ng	NCT02200653	Losartan 50mg	NA	2	199	NA	NA	NA	NA	NA	NA	NA	56	NA	NA
ng	NCT02200653	Telmisartan 40mg	NA	2	188	NA	NA	NA	NA	NA	NA	NA	56	NA	NA
ng	NCT02200653	Telmisartan 80mg	NA	1	113	NA	NA	NA	NA	NA	NA	NA	56	NA	NA
ng	NCT02200653	Total	NA	5	500	NA	NA	NA	NA	NA	NA	calculated	56	NA	NA
ng	NCT02242318	Telmisartan	NA	0	224	NA	NA	NA	NA	NA	NA	NA	56	NA	NA
ng	NCT02242318	Total	NA	2	440	NA	NA	NA	NA	NA	NA	calculated	56	NA	NA
ng	NCT02242318	Valsartan	NA	2	216	NA	NA	NA	NA	NA	NA	NA	56	NA	NA
ng	NCT02269176	Total	69.15	NA	300	NA	NA	NA	NA	NA	NA	reported	84	NA	NA
ng	NCT02738632	Telmisartan/Amlodipine	NA	0	155	29	126	63.4	10.4	26.3	3.3	NA	56	NA	NA
ng	NCT02738632	Telmisartan/Amlodipine+Hydrochlorothiazide	NA	0	155	36	119	62	10.8	26.6	3.6	NA	56	NA	NA
ng	NCT02738632	Total	NA	0	310	65	245	62.7	10.601886624558858	26.45	3.4532593299664014	calculated	56	NA	NA
