nct_id,arm_id,arm_type,arm_name,intervention_id,intvn_text_original,intvn_txt_n,intvn_txt_cmpnt,intvn_txt_lbl,who_atc_name
NCT00034840,NA,NA,NA,3314767,"telmisartan, valsartan",1,telmisartan,drugs,telmisartan
NCT00034840,NA,NA,NA,3314767,"telmisartan, valsartan",2,valsartan,drugs,valsartan
NCT00095394,3257741,Experimental,A1,3296333,irbesartan/hctz,1,irbesartan,drugs,irbesartan
NCT00095394,3257741,Experimental,A1,3296333,irbesartan/hctz,2,hctz,drugs,hydrochlorothiazide
NCT00095394,3257742,Active Comparator,A2,3296334,irbesartan monotherapy,1,irbesartan monotherapy,drugs,irbesartan
NCT00095550,3257730,Experimental,A1,3296315,irbesartan/hctz,1,irbesartan,drugs,irbesartan
NCT00095550,3257730,Experimental,A1,3296315,irbesartan/hctz,2,hctz,drugs,hydrochlorothiazide
NCT00095550,3257731,Active Comparator,A2,3296316,irbesartan monotherapy,1,irbesartan monotherapy,drugs,irbesartan
NCT00095550,3257732,Active Comparator,A3,3296317,hctz monotherapy,1,hctz monotherapy,other,not a drug
NCT00110422,3256751,Experimental,A1,3294341,irbesartan,1,irbesartan,drugs,irbesartan
NCT00110422,3256752,Active Comparator,B1,3294342,hydrochlorothiazide,1,hydrochlorothiazide,drugs,hydrochlorothiazide
NCT00129233,3255359,Active Comparator,Valsartan,3291787,valsartan,1,valsartan,drugs,valsartan
NCT00129233,3255360,Active Comparator,Amlodipine,3291788,amlodipine,1,amlodipine,drugs,amlodipine
NCT00134160,3254985,Active Comparator,1,3291116,olmesartan medoxomil,1,olmesartan medoxomil,drugs,olmesartan
NCT00134160,3254986,Active Comparator,2,3291117,"calcium channel blockers (amlodipine, azelnidipine)",1,calcium channel blockers (amlodipine,drugs,amlodipine
NCT00134160,3254986,Active Comparator,2,3291117,"calcium channel blockers (amlodipine, azelnidipine)",2,azelnidipine),drugs,azelnidipine
NCT00146341,NA,NA,NA,3289709,telmisartan/hctz,1,telmisartan,drugs,telmisartan
NCT00146341,NA,NA,NA,3289709,telmisartan/hctz,2,hctz,drugs,hydrochlorothiazide
NCT00146341,NA,NA,NA,3289710,telmisartan,1,telmisartan,drugs,telmisartan
NCT00149227,3254165,Active Comparator,Non-ARB,3289355,non-arb,1,non-arb,other,not a drug
NCT00149227,3254166,Experimental,Valsartan,3289354,valsartan,1,valsartan,drugs,valsartan
NCT00151827,3254011,Experimental,Olmesartan medoxomil,3289043,olmesartan medoxomil,1,olmesartan medoxomil,drugs,olmesartan
NCT00151827,3254011,Experimental,Olmesartan medoxomil,3289045,furosemide oral tablets,1,furosemide oral tablets,drugs,furosemide
NCT00151827,3254012,Experimental,Losartan,3289044,losartan,1,losartan,drugs,losartan
NCT00151827,3254012,Experimental,Losartan,3289045,furosemide oral tablets,1,furosemide oral tablets,drugs,furosemide
NCT00153023,NA,NA,NA,3288886,telmisartan,1,telmisartan,drugs,telmisartan
NCT00153023,NA,NA,NA,3288887,valsartan,1,valsartan,drugs,valsartan
NCT00154271,NA,NA,NA,3288731,"valsartan, valsartan hct",1,valsartan,drugs,valsartan
NCT00154271,NA,NA,NA,3288731,"valsartan, valsartan hct",2,valsartan hct,drugs,valsartan
NCT00168779,NA,NA,NA,3287270,telmisartan 80 mg / hydrochlorothiazide 25 mg,1,telmisartan 80 mg,drugs,telmisartan
NCT00168779,NA,NA,NA,3287270,telmisartan 80 mg / hydrochlorothiazide 25 mg,2,hydrochlorothiazide 25 mg,drugs,hydrochlorothiazide
NCT00168779,NA,NA,NA,3287271,valsartan 160 mg / hydrochlorothiazide 25 mg,1,valsartan 160 mg,drugs,valsartan
NCT00168779,NA,NA,NA,3287271,valsartan 160 mg / hydrochlorothiazide 25 mg,2,hydrochlorothiazide 25 mg,drugs,hydrochlorothiazide
NCT00168779,NA,NA,NA,3287272,placebo,1,placebo,other,placebo
NCT00168857,NA,NA,NA,3287256,telmisartan,1,telmisartan,drugs,telmisartan
NCT00168857,NA,NA,NA,3287257,losartan,1,losartan,drugs,losartan
NCT00170924,NA,NA,NA,3287030,valsartan,1,valsartan,drugs,valsartan
NCT00170963,NA,NA,NA,3287022,valsartan/amlodipine,1,valsartan,drugs,valsartan
NCT00170963,NA,NA,NA,3287022,valsartan/amlodipine,2,amlodipine,drugs,amlodipine
NCT00170989,NA,NA,NA,3287020,valsartan plus hydrochlorothiazide,1,valsartan,drugs,valsartan
NCT00170989,NA,NA,NA,3287020,valsartan plus hydrochlorothiazide,2,hydrochlorothiazide,drugs,hydrochlorothiazide
NCT00171002,NA,NA,NA,3287019,valsartan/amlodipine,1,valsartan,drugs,valsartan
NCT00171002,NA,NA,NA,3287019,valsartan/amlodipine,2,amlodipine,drugs,amlodipine
NCT00171093,NA,NA,NA,3287008,valsartan + simvastatin,1,valsartan,drugs,valsartan
NCT00171093,NA,NA,NA,3287008,valsartan + simvastatin,2,simvastatin,drugs,simvastatin
NCT00185133,NA,NA,NA,3285651,olmesartan medoxomil,1,olmesartan medoxomil,drugs,olmesartan
NCT00185133,NA,NA,NA,3285652,amlodipine,1,amlodipine,drugs,amlodipine
NCT00185172,3252317,Placebo Comparator,1,3285645,placebo,1,placebo,other,placebo
NCT00185172,3252318,Experimental,2,3285646,olmesartan medoxomil,1,olmesartan medoxomil,drugs,olmesartan
NCT00185172,3252319,Experimental,3,3285647,"olmesartan medoxomil oral tablets, hydrochlorothiazide oral tablets",1,olmesartan medoxomil oral tablets,drugs,olmesartan
NCT00185172,3252319,Experimental,3,3285647,"olmesartan medoxomil oral tablets, hydrochlorothiazide oral tablets",2,hydrochlorothiazide oral tablets,drugs,hydrochlorothiazide
NCT00190580,3251999,Experimental,1,3285060,valsartan,1,valsartan,drugs,valsartan
NCT00190580,3251999,Experimental,1,3285061,conventional antihypertensive drugs,1,conventional antihypertensive drugs,classes,C02 ANTIHYPERTENSIVES
NCT00190580,3252000,Experimental,2,3285061,conventional antihypertensive drugs,1,conventional antihypertensive drugs,classes,C02 ANTIHYPERTENSIVES
NCT00219024,NA,NA,NA,3281720,aliskiren,1,aliskiren,drugs,aliskiren
NCT00219037,NA,NA,NA,3281719,aliskiren,1,aliskiren,drugs,aliskiren
NCT00219063,NA,NA,NA,3281717,aliskiren,1,aliskiren,drugs,aliskiren
NCT00219076,NA,NA,NA,3281716,aliskiren,1,aliskiren,drugs,aliskiren
NCT00219089,NA,NA,NA,3281715,aliskiren,1,aliskiren,drugs,aliskiren
NCT00219102,NA,NA,NA,3281714,aliskiren,1,aliskiren,drugs,aliskiren
NCT00219115,NA,NA,NA,3281713,aliskiren,1,aliskiren,drugs,aliskiren
NCT00219128,NA,NA,NA,3281712,aliskiren,1,aliskiren,drugs,aliskiren
NCT00219141,3250286,Experimental,Aliskiren 300 mg,3281708,aliskiren 150/300 mg,1,aliskiren 150,drugs,aliskiren
NCT00219141,3250286,Experimental,Aliskiren 300 mg,3281708,aliskiren 150/300 mg,2,300 mg,other,not a drug
NCT00219141,3250286,Experimental,Aliskiren 300 mg,3281710,aliskiren placebo,1,aliskiren placebo,other,placebo
NCT00219141,3250286,Experimental,Aliskiren 300 mg,3281711,losartan 50/100 mg placebo,1,losartan 50,drugs,losartan
NCT00219141,3250286,Experimental,Aliskiren 300 mg,3281711,losartan 50/100 mg placebo,2,100 mg placebo,other,placebo
NCT00219141,3250287,Active Comparator,Losartan 100 mg,3281709,losartan 50/100 mg,1,losartan 50,drugs,losartan
NCT00219141,3250287,Active Comparator,Losartan 100 mg,3281709,losartan 50/100 mg,2,100 mg,other,not a drug
NCT00219141,3250287,Active Comparator,Losartan 100 mg,3281710,aliskiren placebo,1,aliskiren placebo,other,placebo
NCT00219141,3250288,Experimental,Aliskiren/losartan 300/100 mg,3281708,aliskiren 150/300 mg,1,aliskiren 150,drugs,aliskiren
NCT00219141,3250288,Experimental,Aliskiren/losartan 300/100 mg,3281708,aliskiren 150/300 mg,2,300 mg,other,not a drug
NCT00219141,3250288,Experimental,Aliskiren/losartan 300/100 mg,3281709,losartan 50/100 mg,1,losartan 50,drugs,losartan
NCT00219141,3250288,Experimental,Aliskiren/losartan 300/100 mg,3281709,losartan 50/100 mg,2,100 mg,other,not a drug
NCT00219141,3250288,Experimental,Aliskiren/losartan 300/100 mg,3281710,aliskiren placebo,1,aliskiren placebo,other,placebo
NCT00219154,NA,NA,NA,3281707,aliskiren,1,aliskiren,drugs,aliskiren
NCT00219167,NA,NA,NA,3281706,aliskiren,1,aliskiren,drugs,aliskiren
NCT00219180,NA,NA,NA,3281705,aliskiren,1,aliskiren,drugs,aliskiren
NCT00219193,NA,NA,NA,3281704,aliskiren,1,aliskiren,drugs,aliskiren
NCT00220220,NA,NA,NA,3281598,olmesartan medoxomil,1,olmesartan medoxomil,drugs,olmesartan
NCT00220220,NA,NA,NA,3281599,amlodipine,1,amlodipine,drugs,amlodipine
NCT00220233,NA,NA,NA,3281595,olmesartan medoxomil,1,olmesartan medoxomil,drugs,olmesartan
NCT00220233,NA,NA,NA,3281596,amlodipine,1,amlodipine,drugs,amlodipine
NCT00220233,NA,NA,NA,3281597,hydrochlorothiazide,1,hydrochlorothiazide,drugs,hydrochlorothiazide
NCT00239369,NA,NA,NA,3279466,fixed dose combination telmisartan 80 mg + hctz 25 mg,1,fixed dose combination telmisartan 80 mg,drugs,telmisartan
NCT00239369,NA,NA,NA,3279466,fixed dose combination telmisartan 80 mg + hctz 25 mg,2,hctz 25 mg,drugs,hydrochlorothiazide
NCT00239369,NA,NA,NA,3279467,fixed dose combination telmisartan 80 mg + hctz 12.5 mg,1,fixed dose combination telmisartan 80 mg,drugs,telmisartan
NCT00239369,NA,NA,NA,3279467,fixed dose combination telmisartan 80 mg + hctz 12.5 mg,2,hctz 12.5 mg,drugs,hydrochlorothiazide
NCT00240448,NA,NA,NA,3279345,telmisartan 80 mg/hydrochlorothiazide 25 mg,1,telmisartan 80 mg,drugs,telmisartan
NCT00240448,NA,NA,NA,3279345,telmisartan 80 mg/hydrochlorothiazide 25 mg,2,hydrochlorothiazide 25 mg,drugs,hydrochlorothiazide
NCT00240448,NA,NA,NA,3279346,valsartan 160 mg/hydrochlorothiazide 25 mg,1,valsartan 160 mg,drugs,valsartan
NCT00240448,NA,NA,NA,3279346,valsartan 160 mg/hydrochlorothiazide 25 mg,2,hydrochlorothiazide 25 mg,drugs,hydrochlorothiazide
NCT00240448,NA,NA,NA,3279347,placebo,1,placebo,other,placebo
NCT00240474,NA,NA,NA,3279340,telmisartan 80 mg + hydrochlorothiazide 12.5 mg,1,telmisartan 80 mg,drugs,telmisartan
NCT00240474,NA,NA,NA,3279340,telmisartan 80 mg + hydrochlorothiazide 12.5 mg,2,hydrochlorothiazide 12.5 mg,drugs,hydrochlorothiazide
NCT00240474,NA,NA,NA,3279341,amlodipine 10 mg + hydrochlorothiazide 12.5 mg,1,amlodipine 10 mg,drugs,amlodipine
NCT00240474,NA,NA,NA,3279341,amlodipine 10 mg + hydrochlorothiazide 12.5 mg,2,hydrochlorothiazide 12.5 mg,drugs,hydrochlorothiazide
NCT00260923,NA,NA,NA,3276925,aliskiren,1,aliskiren,drugs,aliskiren
NCT00262236,NA,NA,NA,3276781,aliskiren,1,aliskiren,drugs,aliskiren
NCT00264212,NA,NA,NA,3276507,irbesartan and irbesartan-hydrochlorothiazide,1,irbesartan,drugs,irbesartan
NCT00264212,NA,NA,NA,3276507,irbesartan and irbesartan-hydrochlorothiazide,2,irbesartan-hydrochlorothiazide,drugs,hydrochlorothiazide
NCT00273299,NA,NA,NA,3275437,valsartan plus hydrochlorothiazide,1,valsartan,drugs,valsartan
NCT00273299,NA,NA,NA,3275437,valsartan plus hydrochlorothiazide,2,hydrochlorothiazide,drugs,hydrochlorothiazide
NCT00274599,NA,NA,NA,3275288,telmisartan,1,telmisartan,drugs,telmisartan
NCT00274599,NA,NA,NA,3275289,ramipril,1,ramipril,drugs,ramipril
NCT00274612,NA,NA,NA,3275286,telmisartan,1,telmisartan,drugs,telmisartan
NCT00274612,NA,NA,NA,3275287,ramipril,1,ramipril,drugs,ramipril
NCT00277472,3246703,Experimental,valsartan HCTZ,3274866,valsartan/hydrochlorothiazide,1,valsartan,drugs,valsartan
NCT00277472,3246703,Experimental,valsartan HCTZ,3274866,valsartan/hydrochlorothiazide,2,hydrochlorothiazide,drugs,hydrochlorothiazide
NCT00277472,3246704,Active Comparator,HCTZ,3274867,hctz,1,hctz,drugs,hydrochlorothiazide
NCT00280540,NA,NA,NA,3274492,valsartan/hydrochlorothiazide,1,valsartan,drugs,valsartan
NCT00280540,NA,NA,NA,3274492,valsartan/hydrochlorothiazide,2,hydrochlorothiazide,drugs,hydrochlorothiazide
NCT00281580,3246404,Placebo Comparator,Placebo,3274355,placebo,1,placebo,other,placebo
NCT00281580,3246405,Experimental,Telmisartan 20 mg,3274356,telmisartan 20 mg,1,telmisartan 20 mg,drugs,telmisartan
NCT00281580,3246406,Experimental,Telmisartan 40 mg,3274380,telmisartan 40 mg,1,telmisartan 40 mg,drugs,telmisartan
NCT00281580,3246407,Experimental,Telmisartan 80 mg,3274372,telmisartan 80 mg,1,telmisartan 80 mg,drugs,telmisartan
NCT00281580,3246408,Experimental,Amlodipine 2.5 mg,3274368,amlodipine 2.5 mg,1,amlodipine 2.5 mg,drugs,amlodipine
NCT00281580,3246409,Experimental,Amlodipine 5 mg,3274364,amlodipine 5 mg,1,amlodipine 5 mg,drugs,amlodipine
NCT00281580,3246410,Active Comparator,Amlodipine 10 mg,3274378,amlodipine 5 mg,1,amlodipine 5 mg,drugs,amlodipine
NCT00281580,3246410,Active Comparator,Amlodipine 10 mg,3274382,amlodipine 10 mg,1,amlodipine 10 mg,drugs,amlodipine
NCT00281580,3246411,Experimental,Telmisartan 20 / Amlodipine 2.5,3274359,telmisartan 20 mg,1,telmisartan 20 mg,drugs,telmisartan
NCT00281580,3246411,Experimental,Telmisartan 20 / Amlodipine 2.5,3274375,amlodipine 2.5 mg,1,amlodipine 2.5 mg,drugs,amlodipine
NCT00281580,3246412,Experimental,Telmisartan 20 / Amlodipine 5,3274365,telmisartan 20 mg,1,telmisartan 20 mg,drugs,telmisartan
NCT00281580,3246412,Experimental,Telmisartan 20 / Amlodipine 5,3274367,amlodipine 5 mg,1,amlodipine 5 mg,drugs,amlodipine
NCT00281580,3246413,Experimental,Telmisartan 20 / Amlodipine 10,3274358,amlodipine 10 mg,1,amlodipine 10 mg,drugs,amlodipine
NCT00281580,3246413,Experimental,Telmisartan 20 / Amlodipine 10,3274362,telmisartan 20 mg,1,telmisartan 20 mg,drugs,telmisartan
NCT00281580,3246413,Experimental,Telmisartan 20 / Amlodipine 10,3274363,amlodipine 5 mg,1,amlodipine 5 mg,drugs,amlodipine
NCT00281580,3246414,Experimental,Telmisartan 40 / Amlodipine 2.5,3274371,amlodipine 2.5 mg,1,amlodipine 2.5 mg,drugs,amlodipine
NCT00281580,3246414,Experimental,Telmisartan 40 / Amlodipine 2.5,3274376,telmisartan 40 mg,1,telmisartan 40 mg,drugs,telmisartan
NCT00281580,3246415,Experimental,Telmisartan 40 / Amlodipine 5,3274366,amlodipine 5 mg,1,amlodipine 5 mg,drugs,amlodipine
NCT00281580,3246415,Experimental,Telmisartan 40 / Amlodipine 5,3274377,telmisartan 40 mg,1,telmisartan 40 mg,drugs,telmisartan
NCT00281580,3246416,Experimental,Telmisartan 40 / Amlodipine 10,3274357,telmisartan 40 mg,1,telmisartan 40 mg,drugs,telmisartan
NCT00281580,3246416,Experimental,Telmisartan 40 / Amlodipine 10,3274370,amlodipine 10 mg,1,amlodipine 10 mg,drugs,amlodipine
NCT00281580,3246416,Experimental,Telmisartan 40 / Amlodipine 10,3274374,amlodipine 5 mg,1,amlodipine 5 mg,drugs,amlodipine
NCT00281580,3246417,Experimental,Telmisartan 80 / Amlodipine 2.5,3274369,amlodipine 2.5 mg,1,amlodipine 2.5 mg,drugs,amlodipine
NCT00281580,3246417,Experimental,Telmisartan 80 / Amlodipine 2.5,3274381,telmisartan 80 mg,1,telmisartan 80 mg,drugs,telmisartan
NCT00281580,3246418,Experimental,Telmisartan 80 / Amlodipine 5,3274373,telmisartan 80 mg,1,telmisartan 80 mg,drugs,telmisartan
NCT00281580,3246418,Experimental,Telmisartan 80 / Amlodipine 5,3274379,amlodipine 5 mg,1,amlodipine 5 mg,drugs,amlodipine
NCT00281580,3246419,Experimental,Telmisartan 80 / Amlodipine 10,3274354,amlodipine 5 mg,1,amlodipine 5 mg,drugs,amlodipine
NCT00281580,3246419,Experimental,Telmisartan 80 / Amlodipine 10,3274360,telmisartan 80 mg,1,telmisartan 80 mg,drugs,telmisartan
NCT00281580,3246419,Experimental,Telmisartan 80 / Amlodipine 10,3274361,amlodipine 10 mg,1,amlodipine 10 mg,drugs,amlodipine
NCT00281593,NA,NA,NA,3274352,telmisartan,1,telmisartan,drugs,telmisartan
NCT00281593,NA,NA,NA,3274353,ramipril,1,ramipril,drugs,ramipril
NCT00294710,NA,NA,NA,3272720,aliskiren,1,aliskiren,drugs,aliskiren
NCT00296218,NA,NA,NA,3272504,irbesartan,1,irbesartan,drugs,irbesartan
NCT00311740,NA,NA,NA,3270506,valsartan,1,valsartan,drugs,valsartan
NCT00311740,NA,NA,NA,3270507,hydrochlorothiazide,1,hydrochlorothiazide,drugs,hydrochlorothiazide
NCT00316095,NA,NA,NA,3269976,telmisartan,1,telmisartan,drugs,telmisartan
NCT00316095,NA,NA,NA,3269977,simvastatin,1,simvastatin,drugs,simvastatin
NCT00327145,NA,NA,NA,3268610,valsartan,1,valsartan,drugs,valsartan
NCT00327145,NA,NA,NA,3268611,hydrochlorothiazide,1,hydrochlorothiazide,drugs,hydrochlorothiazide
NCT00327145,NA,NA,NA,3268612,amlodipine,1,amlodipine,drugs,amlodipine
NCT00333489,NA,NA,NA,3267856,valsartan,1,valsartan,drugs,valsartan
NCT00343551,NA,NA,NA,3266919,aliskiren,1,aliskiren,drugs,aliskiren
NCT00344110,NA,NA,NA,3266840,aliskiren,1,aliskiren,drugs,aliskiren
NCT00350168,NA,NA,NA,3266133,valsartan + amlodipine,1,valsartan,drugs,valsartan
NCT00350168,NA,NA,NA,3266133,valsartan + amlodipine,2,amlodipine,drugs,amlodipine
NCT00353912,NA,NA,NA,3265666,valsartan + amlodipine,1,valsartan,drugs,valsartan
NCT00353912,NA,NA,NA,3265666,valsartan + amlodipine,2,amlodipine,drugs,amlodipine
NCT00368277,3240077,Experimental,Aliskiren-based regimen,3263844,aliskiren,1,aliskiren,drugs,aliskiren
NCT00368277,3240077,Experimental,Aliskiren-based regimen,3263846,hydrochlorothiazide,1,hydrochlorothiazide,drugs,hydrochlorothiazide
NCT00368277,3240077,Experimental,Aliskiren-based regimen,3263847,amlodipine,1,amlodipine,drugs,amlodipine
NCT00368277,3240078,Active Comparator,Ramipril-based regimen,3263845,ramipril,1,ramipril,drugs,ramipril
NCT00368277,3240078,Active Comparator,Ramipril-based regimen,3263846,hydrochlorothiazide,1,hydrochlorothiazide,drugs,hydrochlorothiazide
NCT00368277,3240078,Active Comparator,Ramipril-based regimen,3263847,amlodipine,1,amlodipine,drugs,amlodipine
NCT00385931,NA,NA,NA,3261570,valsartan and simvastatin,1,valsartan,drugs,valsartan
NCT00385931,NA,NA,NA,3261570,valsartan and simvastatin,2,simvastatin,drugs,simvastatin
NCT00386139,NA,NA,NA,3261538,aliskiren/hctz,1,aliskiren,drugs,aliskiren
NCT00386139,NA,NA,NA,3261538,aliskiren/hctz,2,hctz,drugs,hydrochlorothiazide
NCT00387517,NA,NA,NA,3261379,aliskiren/hctz,1,aliskiren,drugs,aliskiren
NCT00387517,NA,NA,NA,3261379,aliskiren/hctz,2,hctz,drugs,hydrochlorothiazide
NCT00400777,NA,NA,NA,3259543,"valsartan, hydrochlorothiazide and amlodipine",1,valsartan,drugs,valsartan
NCT00400777,NA,NA,NA,3259543,"valsartan, hydrochlorothiazide and amlodipine",2,hydrochlorothiazide,drugs,hydrochlorothiazide
NCT00400777,NA,NA,NA,3259543,"valsartan, hydrochlorothiazide and amlodipine",3,amlodipine,drugs,amlodipine
NCT00409643,NA,NA,NA,3258351,valsartan+amlodipine combination,1,valsartan,drugs,valsartan
NCT00409643,NA,NA,NA,3258351,valsartan+amlodipine combination,2,amlodipine combination,drugs,amlodipine
NCT00409643,NA,NA,NA,3258352,valsartan,1,valsartan,drugs,valsartan
NCT00409643,NA,NA,NA,3258353,amlodipine,1,amlodipine,drugs,amlodipine
NCT00409760,NA,NA,NA,3258339,"valsartan+amlodipine combination, valsartan, amlodipine",1,valsartan,drugs,valsartan
NCT00409760,NA,NA,NA,3258339,"valsartan+amlodipine combination, valsartan, amlodipine",2,amlodipine combination,drugs,amlodipine
NCT00409760,NA,NA,NA,3258339,"valsartan+amlodipine combination, valsartan, amlodipine",3,valsartan,drugs,valsartan
NCT00409760,NA,NA,NA,3258339,"valsartan+amlodipine combination, valsartan, amlodipine",4,amlodipine,drugs,amlodipine
NCT00409851,NA,NA,NA,3258326,valsartan+amlodipine,1,valsartan,drugs,valsartan
NCT00409851,NA,NA,NA,3258326,valsartan+amlodipine,2,amlodipine,drugs,amlodipine
NCT00413049,3236234,Experimental,Valsartan/amlodipine 80/5 mg,3257918,valsartan/amlodipine 80/5 mg,1,valsartan,drugs,valsartan
NCT00413049,3236234,Experimental,Valsartan/amlodipine 80/5 mg,3257918,valsartan/amlodipine 80/5 mg,2,amlodipine 80,drugs,amlodipine
NCT00413049,3236234,Experimental,Valsartan/amlodipine 80/5 mg,3257918,valsartan/amlodipine 80/5 mg,3,5 mg,other,not a drug
NCT00413049,3236235,Active Comparator,Amlodipine 5 mg,3257919,amlodipine 5 mg,1,amlodipine 5 mg,drugs,amlodipine
NCT00413413,3236190,Experimental,Valsartan/amlodipine 80/5 mg,3257866,valsartan/amlodipine 80/5 mg,1,valsartan,drugs,valsartan
NCT00413413,3236190,Experimental,Valsartan/amlodipine 80/5 mg,3257866,valsartan/amlodipine 80/5 mg,2,amlodipine 80,drugs,amlodipine
NCT00413413,3236190,Experimental,Valsartan/amlodipine 80/5 mg,3257866,valsartan/amlodipine 80/5 mg,3,5 mg,other,not a drug
NCT00413413,3236191,Active Comparator,Valsartan 80 mg,3257867,valsartan 80 mg,1,valsartan 80 mg,drugs,valsartan
NCT00413413,3236192,Active Comparator,Valsartan 160 mg,3257868,valsartan 160 mg,1,valsartan 160 mg,drugs,valsartan
NCT00425373,3235107,Experimental,Valsartan + amlodipine 40/2.5 mg,3256257,valsartan + amlodipine 40/2.5 mg,1,valsartan,drugs,valsartan
NCT00425373,3235107,Experimental,Valsartan + amlodipine 40/2.5 mg,3256257,valsartan + amlodipine 40/2.5 mg,2,amlodipine 40,drugs,amlodipine
NCT00425373,3235107,Experimental,Valsartan + amlodipine 40/2.5 mg,3256257,valsartan + amlodipine 40/2.5 mg,3,2.5 mg,other,not a drug
NCT00425373,3235108,Experimental,Valsartan + amlodipine 40/5 mg,3256258,valsartan + amlodipine 40/5 mg,1,valsartan,drugs,valsartan
NCT00425373,3235108,Experimental,Valsartan + amlodipine 40/5 mg,3256258,valsartan + amlodipine 40/5 mg,2,amlodipine 40,drugs,amlodipine
NCT00425373,3235108,Experimental,Valsartan + amlodipine 40/5 mg,3256258,valsartan + amlodipine 40/5 mg,3,5 mg,other,not a drug
NCT00425373,3235109,Experimental,Valsartan + amlodipine 80/2.5 mg,3256259,valsartan + amlodipine 80/2.5 mg,1,valsartan,drugs,valsartan
NCT00425373,3235109,Experimental,Valsartan + amlodipine 80/2.5 mg,3256259,valsartan + amlodipine 80/2.5 mg,2,amlodipine 80,drugs,amlodipine
NCT00425373,3235109,Experimental,Valsartan + amlodipine 80/2.5 mg,3256259,valsartan + amlodipine 80/2.5 mg,3,2.5 mg,other,not a drug
NCT00425373,3235110,Experimental,Valsartan + amlodipine 80/5 mg,3256260,valsartan + amlodipine 80/5 mg,1,valsartan,drugs,valsartan
NCT00425373,3235110,Experimental,Valsartan + amlodipine 80/5 mg,3256260,valsartan + amlodipine 80/5 mg,2,amlodipine 80,drugs,amlodipine
NCT00425373,3235110,Experimental,Valsartan + amlodipine 80/5 mg,3256260,valsartan + amlodipine 80/5 mg,3,5 mg,other,not a drug
NCT00425373,3235111,Active Comparator,Valsartan 40 mg,3256261,valsartan 40 mg,1,valsartan 40 mg,drugs,valsartan
NCT00425373,3235112,Active Comparator,Valsartan 80 mg,3256262,valsartan 80 mg,1,valsartan 80 mg,drugs,valsartan
NCT00425373,3235113,Active Comparator,Amlodipine 2.5 mg,3256263,amlodipine 2.5 mg,1,amlodipine 2.5 mg,drugs,amlodipine
NCT00425373,3235114,Active Comparator,Amlodipine 5 mg,3256264,amlodipine 5 mg,1,amlodipine 5 mg,drugs,amlodipine
NCT00425373,3235115,Placebo Comparator,Placebo,3256265,placebo,1,placebo,other,placebo
NCT00425997,NA,NA,NA,3256159,valsartan/hctz,1,valsartan,drugs,valsartan
NCT00425997,NA,NA,NA,3256159,valsartan/hctz,2,hctz,drugs,hydrochlorothiazide
NCT00425997,NA,NA,NA,3256160,amlodipine,1,amlodipine,drugs,amlodipine
NCT00425997,NA,NA,NA,3256161,hctz,1,hctz,drugs,hydrochlorothiazide
NCT00439738,3233795,Experimental,valsartan/HCTZ,3254288,valsartan/hctz,1,valsartan,drugs,valsartan
NCT00439738,3233795,Experimental,valsartan/HCTZ,3254288,valsartan/hctz,2,hctz,drugs,hydrochlorothiazide
NCT00439738,3233796,Active Comparator,HCTZ +Amlodipine,3254287,hctz + amlodipine,1,hctz,drugs,hydrochlorothiazide
NCT00439738,3233796,Active Comparator,HCTZ +Amlodipine,3254287,hctz + amlodipine,2,amlodipine,drugs,amlodipine
NCT00454662,3232438,Active Comparator,1,3252235,olmesartan medoxomil / amlodipine or azelnidipine,1,olmesartan medoxomil,drugs,olmesartan
NCT00454662,3232438,Active Comparator,1,3252235,olmesartan medoxomil / amlodipine or azelnidipine,2,amlodipine,drugs,amlodipine
NCT00454662,3232438,Active Comparator,1,3252235,olmesartan medoxomil / amlodipine or azelnidipine,3,azelnidipine,drugs,azelnidipine
NCT00454662,3232439,Active Comparator,2,3252236,olmesartan medoxomil / low dose thiazide type drug,1,olmesartan medoxomil,drugs,olmesartan
NCT00454662,3232439,Active Comparator,2,3252236,olmesartan medoxomil / low dose thiazide type drug,2,low dose thiazide type drug,classes,"C03A LOW-CEILING DIURETICS, THIAZIDES"
NCT00500604,3228386,Experimental,A,3246295,irbesartan/hydrochlorothiazide,1,irbesartan,drugs,irbesartan
NCT00500604,3228386,Experimental,A,3246295,irbesartan/hydrochlorothiazide,2,hydrochlorothiazide,drugs,hydrochlorothiazide
NCT00500604,3228386,Experimental,A,3246297,hydrochlorothiazide,1,hydrochlorothiazide,drugs,hydrochlorothiazide
NCT00500604,3228387,Active Comparator,B,3246296,valsartan/hydrochlorothiazide,1,valsartan,drugs,valsartan
NCT00500604,3228387,Active Comparator,B,3246296,valsartan/hydrochlorothiazide,2,hydrochlorothiazide,drugs,hydrochlorothiazide
NCT00500604,3228387,Active Comparator,B,3246297,hydrochlorothiazide,1,hydrochlorothiazide,drugs,hydrochlorothiazide
NCT00529451,3225111,Experimental,Aliskiren 300 mg,3242487,aliskiren,1,aliskiren,drugs,aliskiren
NCT00529451,3225112,Experimental,Aliskiren 150 mg,3242487,aliskiren,1,aliskiren,drugs,aliskiren
NCT00529451,3225113,Experimental,Aliskiren 75 mg,3242487,aliskiren,1,aliskiren,drugs,aliskiren
NCT00529451,3225114,Active Comparator,Ramipril 5 mg,3242488,ramipril,1,ramipril,drugs,ramipril
NCT00538486,3224045,Experimental,Group T,3241233,telmisartan,1,telmisartan,drugs,telmisartan
NCT00538486,3224046,Experimental,Group T+M,3241232,telmisartan plus metformin,1,telmisartan,drugs,telmisartan
NCT00538486,3224046,Experimental,Group T+M,3241232,telmisartan plus metformin,2,metformin,drugs,metformin
NCT00538486,3224047,Experimental,Group C,3241234,candesartan,1,candesartan,drugs,candesartan
NCT00538486,3224048,Experimental,Group C+M,3241235,candesartan plus metformin,1,candesartan,drugs,candesartan
NCT00538486,3224048,Experimental,Group C+M,3241235,candesartan plus metformin,2,metformin,drugs,metformin
NCT00538486,3224049,Active Comparator,Group A,3241236,amlodipine,1,amlodipine,drugs,amlodipine
NCT00538486,3224050,Experimental,Group A+M,3241237,amlodipine plus metformin,1,amlodipine,drugs,amlodipine
NCT00538486,3224050,Experimental,Group A+M,3241237,amlodipine plus metformin,2,metformin,drugs,metformin
NCT00546754,3223067,Experimental,1,3240070,losartan potassium (+) hydrochlorothiazide,1,losartan potassium (,drugs,losartan
NCT00546754,3223067,Experimental,1,3240070,losartan potassium (+) hydrochlorothiazide,2,) hydrochlorothiazide,drugs,hydrochlorothiazide
NCT00546754,3223068,Active Comparator,2,3240071,comparator: valsartan (+) hydrochlorothiazide,1,comparator: valsartan (,drugs,valsartan
NCT00546754,3223068,Active Comparator,2,3240071,comparator: valsartan (+) hydrochlorothiazide,2,) hydrochlorothiazide,drugs,hydrochlorothiazide
NCT00550953,NA,NA,NA,3239457,telmisartan+amlodipine,1,telmisartan,drugs,telmisartan
NCT00550953,NA,NA,NA,3239457,telmisartan+amlodipine,2,amlodipine,drugs,amlodipine
NCT00550953,NA,NA,NA,3239458,telmisartan,1,telmisartan,drugs,telmisartan
NCT00553267,NA,NA,NA,3239073,fixed dose combination of telmisartan+amlodipine,1,fixed dose combination of telmisartan,drugs,telmisartan
NCT00553267,NA,NA,NA,3239073,fixed dose combination of telmisartan+amlodipine,2,amlodipine,drugs,amlodipine
NCT00553267,NA,NA,NA,3239074,amlodipine,1,amlodipine,drugs,amlodipine
NCT00558064,NA,NA,NA,3238418,telmisartan+amlodipine,1,telmisartan,drugs,telmisartan
NCT00558064,NA,NA,NA,3238418,telmisartan+amlodipine,2,amlodipine,drugs,amlodipine
NCT00558064,NA,NA,NA,3238419,amlodipine,1,amlodipine,drugs,amlodipine
NCT00558428,NA,NA,NA,3238364,fixed dose combination of telmisartan+amlodipine,1,fixed dose combination of telmisartan,drugs,telmisartan
NCT00558428,NA,NA,NA,3238364,fixed dose combination of telmisartan+amlodipine,2,amlodipine,drugs,amlodipine
NCT00558428,NA,NA,NA,3238365,amlodipine,1,amlodipine,drugs,amlodipine
NCT00591578,3217543,Experimental,Azilsartan Medoxomil 40 mg QD,3234098,azilsartan medoxomil,1,azilsartan medoxomil,drugs,azilsartan
NCT00591578,3217544,Experimental,Azilsartan Medoxomil 80 mg QD,3234099,azilsartan medoxomil,1,azilsartan medoxomil,drugs,azilsartan
NCT00591578,3217545,Active Comparator,Valsartan 320 mg QD,3234100,valsartan,1,valsartan,drugs,valsartan
NCT00614380,NA,NA,NA,3231162,telmisartan/amlodipine 40/5 mg fixed combination,1,telmisartan,drugs,telmisartan
NCT00614380,NA,NA,NA,3231162,telmisartan/amlodipine 40/5 mg fixed combination,2,amlodipine 40,drugs,amlodipine
NCT00614380,NA,NA,NA,3231162,telmisartan/amlodipine 40/5 mg fixed combination,3,5 mg fixed combination,other,not a drug
NCT00614380,NA,NA,NA,3231163,telmisartan/amlodipine 80/5 mg fixed combination,1,telmisartan,drugs,telmisartan
NCT00614380,NA,NA,NA,3231163,telmisartan/amlodipine 80/5 mg fixed combination,2,amlodipine 80,drugs,amlodipine
NCT00614380,NA,NA,NA,3231163,telmisartan/amlodipine 80/5 mg fixed combination,3,5 mg fixed combination,other,not a drug
NCT00624052,NA,NA,NA,3229772,fixed-dose combination of telmisartan 40mg+amlodipine 10mg,1,fixed-dose combination of telmisartan 40mg,drugs,telmisartan
NCT00624052,NA,NA,NA,3229772,fixed-dose combination of telmisartan 40mg+amlodipine 10mg,2,amlodipine 10mg,drugs,amlodipine
NCT00624052,NA,NA,NA,3229773,fixed-dose combination of telmisartan 80mg+amlodipine10mg,1,fixed-dose combination of telmisartan 80mg,drugs,telmisartan
NCT00624052,NA,NA,NA,3229773,fixed-dose combination of telmisartan 80mg+amlodipine10mg,2,amlodipine10mg,drugs,amlodipine
NCT00631917,3212278,Experimental,Aliskiren,3228627,aliskiren,1,aliskiren,drugs,aliskiren
NCT00631917,3212278,Experimental,Aliskiren,3228629,placebo to ramipril,1,placebo to ramipril,other,placebo
NCT00631917,3212279,Active Comparator,Ramipril,3228628,ramipril,1,ramipril,drugs,ramipril
NCT00631917,3212279,Active Comparator,Ramipril,3228630,placebo to aliskiren,1,placebo to aliskiren,other,placebo
NCT00649389,3209845,Experimental,OM40/AML10,3226100,olmesartan medoxomil,1,olmesartan medoxomil,drugs,olmesartan
NCT00649389,3209845,Experimental,OM40/AML10,3226101,amlodipine,1,amlodipine,drugs,amlodipine
NCT00649389,3209846,Active Comparator,OM40/HCTZ25,3226100,olmesartan medoxomil,1,olmesartan medoxomil,drugs,olmesartan
NCT00649389,3209846,Active Comparator,OM40/HCTZ25,3226102,hydrochlorothiazide,1,hydrochlorothiazide,drugs,hydrochlorothiazide
NCT00649389,3209847,Active Comparator,AML10/HCTZ25,3226101,amlodipine,1,amlodipine,drugs,amlodipine
NCT00649389,3209847,Active Comparator,AML10/HCTZ25,3226102,hydrochlorothiazide,1,hydrochlorothiazide,drugs,hydrochlorothiazide
NCT00649389,3209848,Active Comparator,OM40/AML10/HCTZ25,3226100,olmesartan medoxomil,1,olmesartan medoxomil,drugs,olmesartan
NCT00649389,3209848,Active Comparator,OM40/AML10/HCTZ25,3226101,amlodipine,1,amlodipine,drugs,amlodipine
NCT00649389,3209848,Active Comparator,OM40/AML10/HCTZ25,3226102,hydrochlorothiazide,1,hydrochlorothiazide,drugs,hydrochlorothiazide
NCT00687973,3204435,Experimental,Valsartan/amlodipine 160/10 mg,3220471,valsartan/amlodipine 80/5 mg tablets,1,valsartan,drugs,valsartan
NCT00687973,3204435,Experimental,Valsartan/amlodipine 160/10 mg,3220471,valsartan/amlodipine 80/5 mg tablets,2,amlodipine 80,drugs,amlodipine
NCT00687973,3204435,Experimental,Valsartan/amlodipine 160/10 mg,3220471,valsartan/amlodipine 80/5 mg tablets,3,5 mg tablets,other,not a drug
NCT00687973,3204436,Active Comparator,Atenolol/amlodipine 100/10 mg,3220472,amlodipine 5 mg capsules,1,amlodipine 5 mg capsules,drugs,amlodipine
NCT00687973,3204436,Active Comparator,Atenolol/amlodipine 100/10 mg,3220473,amlodipine 10 mg capsules,1,amlodipine 10 mg capsules,drugs,amlodipine
NCT00687973,3204436,Active Comparator,Atenolol/amlodipine 100/10 mg,3220474,atenolol 50 mg tablets,1,atenolol 50 mg tablets,drugs,atenolol
NCT00687973,3204436,Active Comparator,Atenolol/amlodipine 100/10 mg,3220475,atenolol 100 mg tablets,1,atenolol 100 mg tablets,drugs,atenolol
NCT00696241,3203256,Experimental,Azilsartan Medoxomil 20 mg QD,3219360,azilsartan medoxomil and olmesartan,1,azilsartan medoxomil,drugs,azilsartan
NCT00696241,3203256,Experimental,Azilsartan Medoxomil 20 mg QD,3219360,azilsartan medoxomil and olmesartan,2,olmesartan,drugs,olmesartan
NCT00696241,3203257,Experimental,Azilsartan Medoxomil 40 mg QD,3219361,azilsartan medoxomil and olmesartan,1,azilsartan medoxomil,drugs,azilsartan
NCT00696241,3203257,Experimental,Azilsartan Medoxomil 40 mg QD,3219361,azilsartan medoxomil and olmesartan,2,olmesartan,drugs,olmesartan
NCT00696241,3203258,Experimental,Azilsartan Medoxomil 80 mg QD,3219362,azilsartan medoxomil and olmesartan,1,azilsartan medoxomil,drugs,azilsartan
NCT00696241,3203258,Experimental,Azilsartan Medoxomil 80 mg QD,3219362,azilsartan medoxomil and olmesartan,2,olmesartan,drugs,olmesartan
NCT00696241,3203259,Active Comparator,Olmesartan 40 mg QD,3219363,olmesartan,1,olmesartan,drugs,olmesartan
NCT00696241,3203260,Placebo Comparator,Placebo QD,3219364,placebo,1,placebo,other,placebo
NCT00696436,3203232,Experimental,Azilsartan Medoxomil 40 mg QD,3219339,azilsartan medoxomil,1,azilsartan medoxomil,drugs,azilsartan
NCT00696436,3203233,Experimental,Azilsartan Medoxomil 80 mg QD,3219340,azilsartan medoxomil,1,azilsartan medoxomil,drugs,azilsartan
NCT00696436,3203234,Active Comparator,Valsartan 320 mg QD,3219341,valsartan,1,valsartan,drugs,valsartan
NCT00696436,3203235,Active Comparator,Olmesartan 40 mg QD,3219342,olmesartan,1,olmesartan,drugs,olmesartan
NCT00696436,3203236,Placebo Comparator,Placebo QD,3219343,placebo,1,placebo,other,placebo
NCT00698646,3202862,Active Comparator,Valsartan,3219024,valsartan,1,valsartan,drugs,valsartan
NCT00698646,3202863,Active Comparator,HCTZ,3219025,hctz,1,hctz,drugs,hydrochlorothiazide
NCT00698646,3202864,Experimental,Valsartan + HCTZ,3219023,valsartan + hctz,1,valsartan,drugs,valsartan
NCT00698646,3202864,Experimental,Valsartan + HCTZ,3219023,valsartan + hctz,2,hctz,drugs,hydrochlorothiazide
NCT00699192,3202768,Experimental,Amlodipine/Valsartan 5/80 mg,3218942,amlodipine 5 mg,1,amlodipine 5 mg,drugs,amlodipine
NCT00699192,3202768,Experimental,Amlodipine/Valsartan 5/80 mg,3218943,valsartan 80 mg,1,valsartan 80 mg,drugs,valsartan
NCT00699192,3202769,Active Comparator,Amlodipine/Valsartan 5/40 mg,3218942,amlodipine 5 mg,1,amlodipine 5 mg,drugs,amlodipine
NCT00699192,3202769,Active Comparator,Amlodipine/Valsartan 5/40 mg,3218944,valsartan 40 mg,1,valsartan 40 mg,drugs,valsartan
NCT00699192,3202770,Active Comparator,Amlodipine 5 mg,3218942,amlodipine 5 mg,1,amlodipine 5 mg,drugs,amlodipine
NCT00699192,3202770,Active Comparator,Amlodipine 5 mg,3218945,placebo,1,placebo,other,placebo
NCT00705575,3201833,Experimental,Aliskiren/hydrochlorothiazide (HCTZ) (300/25 mg),3218040,aliskiren/hydrochlorothiazide (hctz) (300/25 mg),1,aliskiren,drugs,aliskiren
NCT00705575,3201833,Experimental,Aliskiren/hydrochlorothiazide (HCTZ) (300/25 mg),3218040,aliskiren/hydrochlorothiazide (hctz) (300/25 mg),2,hydrochlorothiazide (hctz) (300,drugs,hydrochlorothiazide
NCT00705575,3201833,Experimental,Aliskiren/hydrochlorothiazide (HCTZ) (300/25 mg),3218040,aliskiren/hydrochlorothiazide (hctz) (300/25 mg),3,25 mg),other,not a drug
NCT00705575,3201834,Active Comparator,Aliskiren (300 mg),3218041,aliskiren (300 mg),1,aliskiren (300 mg),drugs,aliskiren
NCT00706134,3201741,Placebo Comparator,Placebo,3217960,placebo,1,placebo,other,placebo
NCT00706134,3201742,Experimental,Aliskiren 75 mg,3217961,aliskiren 75 mg,1,aliskiren 75 mg,drugs,aliskiren
NCT00706134,3201743,Experimental,Aliskiren 150 mg,3217962,aliskiren 150 mg,1,aliskiren 150 mg,drugs,aliskiren
NCT00706134,3201744,Experimental,Aliskiren 300 mg,3217963,aliskiren 300 mg,1,aliskiren 300 mg,drugs,aliskiren
NCT00739973,3197081,Placebo Comparator,Placebo,3213398,placebo,1,placebo,other,placebo
NCT00739973,3197082,Experimental,Aliskiren 150 mg tablet,3213398,placebo,1,placebo,other,placebo
NCT00739973,3197082,Experimental,Aliskiren 150 mg tablet,3213399,aliskiren 150 mg tablet,1,aliskiren 150 mg tablet,drugs,aliskiren
NCT00739973,3197083,Experimental,Aliskiren 300 mg tablet,3213398,placebo,1,placebo,other,placebo
NCT00739973,3197083,Experimental,Aliskiren 300 mg tablet,3213400,aliskiren 300 mg tablet,1,aliskiren 300 mg tablet,drugs,aliskiren
NCT00739973,3197084,Experimental,Amlodipine 5 mg capsule,3213398,placebo,1,placebo,other,placebo
NCT00739973,3197084,Experimental,Amlodipine 5 mg capsule,3213401,amlodipine 5 mg capsule,1,amlodipine 5 mg capsule,drugs,amlodipine
NCT00739973,3197085,Experimental,Amlodipine 10 mg capsule,3213398,placebo,1,placebo,other,placebo
NCT00739973,3197085,Experimental,Amlodipine 10 mg capsule,3213402,amlodipine 10 mg capsule,1,amlodipine 10 mg capsule,drugs,amlodipine
NCT00739973,3197086,Experimental,Aliskiren/amlodipine 150/5 mg tablet,3213398,placebo,1,placebo,other,placebo
NCT00739973,3197086,Experimental,Aliskiren/amlodipine 150/5 mg tablet,3213403,aliskiren/amlodipine 150/5 mg tablet,1,aliskiren,drugs,aliskiren
NCT00739973,3197086,Experimental,Aliskiren/amlodipine 150/5 mg tablet,3213403,aliskiren/amlodipine 150/5 mg tablet,2,amlodipine 150,drugs,amlodipine
NCT00739973,3197086,Experimental,Aliskiren/amlodipine 150/5 mg tablet,3213403,aliskiren/amlodipine 150/5 mg tablet,3,5 mg tablet,other,not a drug
NCT00739973,3197087,Experimental,Aliskiren/amlodipine 150/10 mg tablet,3213398,placebo,1,placebo,other,placebo
NCT00739973,3197087,Experimental,Aliskiren/amlodipine 150/10 mg tablet,3213404,aliskiren/amlodipine 150/10 mg tablet,1,aliskiren,drugs,aliskiren
NCT00739973,3197087,Experimental,Aliskiren/amlodipine 150/10 mg tablet,3213404,aliskiren/amlodipine 150/10 mg tablet,2,amlodipine 150,drugs,amlodipine
NCT00739973,3197087,Experimental,Aliskiren/amlodipine 150/10 mg tablet,3213404,aliskiren/amlodipine 150/10 mg tablet,3,10 mg tablet,other,not a drug
NCT00739973,3197088,Experimental,Aliskiren/amlodipine 300/5 mg tablet,3213398,placebo,1,placebo,other,placebo
NCT00739973,3197088,Experimental,Aliskiren/amlodipine 300/5 mg tablet,3213405,aliskiren/amlodipine 300/5 mg tablet,1,aliskiren,drugs,aliskiren
NCT00739973,3197088,Experimental,Aliskiren/amlodipine 300/5 mg tablet,3213405,aliskiren/amlodipine 300/5 mg tablet,2,amlodipine 300,drugs,amlodipine
NCT00739973,3197088,Experimental,Aliskiren/amlodipine 300/5 mg tablet,3213405,aliskiren/amlodipine 300/5 mg tablet,3,5 mg tablet,other,not a drug
NCT00739973,3197089,Experimental,Aliskiren/amlodipine 300/10 mg tablet,3213398,placebo,1,placebo,other,placebo
NCT00739973,3197089,Experimental,Aliskiren/amlodipine 300/10 mg tablet,3213406,aliskiren/amlodipine 300/10 mg tablet,1,aliskiren,drugs,aliskiren
NCT00739973,3197089,Experimental,Aliskiren/amlodipine 300/10 mg tablet,3213406,aliskiren/amlodipine 300/10 mg tablet,2,amlodipine 300,drugs,amlodipine
NCT00739973,3197089,Experimental,Aliskiren/amlodipine 300/10 mg tablet,3213406,aliskiren/amlodipine 300/10 mg tablet,3,10 mg tablet,other,not a drug
NCT00750113,3195697,Experimental,Arm 1,3212103,nifidipine,1,nifidipine,drugs,nifedipine
NCT00750113,3195698,Experimental,Arm 2,3212104,telmisartan,1,telmisartan,drugs,telmisartan
NCT00750113,3195699,Experimental,Arm 3,3212105,nifedipine/telmisartan,1,nifedipine,drugs,nifedipine
NCT00750113,3195699,Experimental,Arm 3,3212105,nifedipine/telmisartan,2,telmisartan,drugs,telmisartan
NCT00751751,3195469,Experimental,1,3211894,"olmesartan medoxomil + hydrochlorothiazide, if necessary",1,olmesartan medoxomil,drugs,olmesartan
NCT00751751,3195469,Experimental,1,3211894,"olmesartan medoxomil + hydrochlorothiazide, if necessary",2,hydrochlorothiazide,drugs,hydrochlorothiazide
NCT00751751,3195469,Experimental,1,3211894,"olmesartan medoxomil + hydrochlorothiazide, if necessary",3,if necessary,other,not a drug
NCT00751751,3195470,Active Comparator,2,3211895,"losartan + hydrochlorothiazide, if necessary",1,losartan,drugs,losartan
NCT00751751,3195470,Active Comparator,2,3211895,"losartan + hydrochlorothiazide, if necessary",2,hydrochlorothiazide,drugs,hydrochlorothiazide
NCT00751751,3195470,Active Comparator,2,3211895,"losartan + hydrochlorothiazide, if necessary",3,if necessary,other,not a drug
NCT00751829,3195457,Experimental,1,3211877,"olmesartan medoxomil + hydrochlorothiazide, if necessary",1,olmesartan medoxomil,drugs,olmesartan
NCT00751829,3195457,Experimental,1,3211877,"olmesartan medoxomil + hydrochlorothiazide, if necessary",2,hydrochlorothiazide,drugs,hydrochlorothiazide
NCT00751829,3195457,Experimental,1,3211877,"olmesartan medoxomil + hydrochlorothiazide, if necessary",3,if necessary,other,not a drug
NCT00751829,3195458,Active Comparator,2,3211878,"nitrendipine + hydrochlorothiazide, if necessary",1,nitrendipine,drugs,nitrendipine
NCT00751829,3195458,Active Comparator,2,3211878,"nitrendipine + hydrochlorothiazide, if necessary",2,hydrochlorothiazide,drugs,hydrochlorothiazide
NCT00751829,3195458,Active Comparator,2,3211878,"nitrendipine + hydrochlorothiazide, if necessary",3,if necessary,other,not a drug
NCT00760266,3194292,Experimental,Aliskiren/HCTZ 300/25 mg,3210770,aliskiren,1,aliskiren,drugs,aliskiren
NCT00760266,3194293,Active Comparator,HCTZ 25 mg,3210771,hydrochlorothiazide,1,hydrochlorothiazide,drugs,hydrochlorothiazide
NCT00765674,3193505,Experimental,Aliskiren / amlodipine,3210016,aliskiren,1,aliskiren,drugs,aliskiren
NCT00765674,3193505,Experimental,Aliskiren / amlodipine,3210017,amlodipine,1,amlodipine,drugs,amlodipine
NCT00765674,3193505,Experimental,Aliskiren / amlodipine,3210019,placebo,1,placebo,other,placebo
NCT00765674,3193505,Experimental,Aliskiren / amlodipine,3210020,placebo,1,placebo,other,placebo
NCT00765674,3193506,Experimental,Aliskiren / hydrochlorothiazide,3210016,aliskiren,1,aliskiren,drugs,aliskiren
NCT00765674,3193506,Experimental,Aliskiren / hydrochlorothiazide,3210018,hydrochlorothiazide (hctz),1,hydrochlorothiazide (hctz),drugs,hydrochlorothiazide
NCT00765674,3193506,Experimental,Aliskiren / hydrochlorothiazide,3210019,placebo,1,placebo,other,placebo
NCT00765674,3193506,Experimental,Aliskiren / hydrochlorothiazide,3210020,placebo,1,placebo,other,placebo
NCT00765674,3193507,Experimental,Amlodipine / hydrochlorothiazide,3210017,amlodipine,1,amlodipine,drugs,amlodipine
NCT00765674,3193507,Experimental,Amlodipine / hydrochlorothiazide,3210018,hydrochlorothiazide (hctz),1,hydrochlorothiazide (hctz),drugs,hydrochlorothiazide
NCT00765674,3193507,Experimental,Amlodipine / hydrochlorothiazide,3210019,placebo,1,placebo,other,placebo
NCT00765674,3193508,Experimental,Aliskiren / amlodipine / hydrochlorothiazide,3210016,aliskiren,1,aliskiren,drugs,aliskiren
NCT00765674,3193508,Experimental,Aliskiren / amlodipine / hydrochlorothiazide,3210017,amlodipine,1,amlodipine,drugs,amlodipine
NCT00765674,3193508,Experimental,Aliskiren / amlodipine / hydrochlorothiazide,3210018,hydrochlorothiazide (hctz),1,hydrochlorothiazide (hctz),drugs,hydrochlorothiazide
NCT00765674,3193508,Experimental,Aliskiren / amlodipine / hydrochlorothiazide,3210019,placebo,1,placebo,other,placebo
NCT00777946,3191800,Experimental,Aliskiren 300 mg/Amlodipine 5 mg,3208375,aliskiren/amlodipine 300/5 mg,1,aliskiren,drugs,aliskiren
NCT00777946,3191800,Experimental,Aliskiren 300 mg/Amlodipine 5 mg,3208375,aliskiren/amlodipine 300/5 mg,2,amlodipine 300,drugs,amlodipine
NCT00777946,3191800,Experimental,Aliskiren 300 mg/Amlodipine 5 mg,3208375,aliskiren/amlodipine 300/5 mg,3,5 mg,other,not a drug
NCT00777946,3191800,Experimental,Aliskiren 300 mg/Amlodipine 5 mg,3208377,placebo to aliskiren,1,placebo to aliskiren,other,placebo
NCT00777946,3191801,Experimental,Aliskiren 300 mg/Amlodipine 10 mg,3208376,aliskiren/amlodipine 300/10 mg,1,aliskiren,drugs,aliskiren
NCT00777946,3191801,Experimental,Aliskiren 300 mg/Amlodipine 10 mg,3208376,aliskiren/amlodipine 300/10 mg,2,amlodipine 300,drugs,amlodipine
NCT00777946,3191801,Experimental,Aliskiren 300 mg/Amlodipine 10 mg,3208376,aliskiren/amlodipine 300/10 mg,3,10 mg,other,not a drug
NCT00777946,3191801,Experimental,Aliskiren 300 mg/Amlodipine 10 mg,3208377,placebo to aliskiren,1,placebo to aliskiren,other,placebo
NCT00777946,3191802,Active Comparator,Aliskiren 300 mg,3208374,aliskiren 300 mg,1,aliskiren 300 mg,drugs,aliskiren
NCT00777946,3191802,Active Comparator,Aliskiren 300 mg,3208378,placebo to aliskiren/amlodipine,1,placebo to aliskiren,other,placebo
NCT00777946,3191802,Active Comparator,Aliskiren 300 mg,3208378,placebo to aliskiren/amlodipine,2,amlodipine,drugs,amlodipine
NCT00778921,3191638,Experimental,Amlodipine 10 mg,3208254,amlodipine 10 mg,1,amlodipine 10 mg,drugs,amlodipine
NCT00778921,3191639,Experimental,Aliskiren/Amlodipine 150/10 mg,3208254,amlodipine 10 mg,1,amlodipine 10 mg,drugs,amlodipine
NCT00778921,3191639,Experimental,Aliskiren/Amlodipine 150/10 mg,3208255,aliskiren 150,1,aliskiren 150,drugs,aliskiren
NCT00778921,3191640,Experimental,Aliskiren/Amlodipine 300/10 mg,3208254,amlodipine 10 mg,1,amlodipine 10 mg,drugs,amlodipine
NCT00778921,3191640,Experimental,Aliskiren/Amlodipine 300/10 mg,3208256,amlodipine 300,1,amlodipine 300,drugs,amlodipine
NCT00787605,3190451,Active Comparator,Amlodipine,3207166,amlodipine,1,amlodipine,drugs,amlodipine
NCT00787605,3190452,Experimental,Aliskiren / HCTZ,3207167,hydrochlorothiazide (hctz),1,hydrochlorothiazide (hctz),drugs,hydrochlorothiazide
NCT00787605,3190452,Experimental,Aliskiren / HCTZ,3207168,aliskiren,1,aliskiren,drugs,aliskiren
NCT00797316,3189143,Experimental,Aliskiren plus Hydrochlorothiazide,3205812,aliskiren,1,aliskiren,drugs,aliskiren
NCT00797316,3189143,Experimental,Aliskiren plus Hydrochlorothiazide,3205813,hydrochlorothiazide,1,hydrochlorothiazide,drugs,hydrochlorothiazide
NCT00797316,3189144,Active Comparator,Aliskiren,3205812,aliskiren,1,aliskiren,drugs,aliskiren
NCT00809926,3187327,Experimental,Valsartan/aliskiren,3204023,valsartan/aliskiren,1,valsartan,drugs,valsartan
NCT00809926,3187327,Experimental,Valsartan/aliskiren,3204023,valsartan/aliskiren,2,aliskiren,drugs,aliskiren
NCT00809926,3187328,Active Comparator,Valsartan,3204024,valsartan,1,valsartan,drugs,valsartan
NCT00841672,3182841,Experimental,Aliskiren/amlodipine 300/10 mg tablet,3199702,aliskiren/amlodipine 300/10 mg tablet,1,aliskiren,drugs,aliskiren
NCT00841672,3182841,Experimental,Aliskiren/amlodipine 300/10 mg tablet,3199702,aliskiren/amlodipine 300/10 mg tablet,2,amlodipine 300,drugs,amlodipine
NCT00841672,3182841,Experimental,Aliskiren/amlodipine 300/10 mg tablet,3199702,aliskiren/amlodipine 300/10 mg tablet,3,10 mg tablet,other,not a drug
NCT00841672,3182842,Active Comparator,Amlodipine 10 mg capsule,3199703,amlodipine 10 mg capsule,1,amlodipine 10 mg capsule,drugs,amlodipine
NCT00846365,3182233,Experimental,Azilsartan Medoxomil 20-40mg plus Chlorthalidone 12.5-25 mg QD,3199138,azilsartan medoxomil and chlorthalidone,1,azilsartan medoxomil,drugs,azilsartan
NCT00846365,3182233,Experimental,Azilsartan Medoxomil 20-40mg plus Chlorthalidone 12.5-25 mg QD,3199138,azilsartan medoxomil and chlorthalidone,2,chlorthalidone,drugs,chlorthalidone
NCT00846365,3182234,Experimental,Azilsartan Medoxomil 40-80mg plus Chlorthalidone 12.5-25 mg QD,3199139,azilsartan medoxomil and chlorthalidone,1,azilsartan medoxomil,drugs,azilsartan
NCT00846365,3182234,Experimental,Azilsartan Medoxomil 40-80mg plus Chlorthalidone 12.5-25 mg QD,3199139,azilsartan medoxomil and chlorthalidone,2,chlorthalidone,drugs,chlorthalidone
NCT00846365,3182235,Active Comparator,Olmesartan medoxomil 20-40mg/hydrochlorothiazide 12.5-25mg QD,3199140,olmesartan medoxomil-hydrochlorothiazide,1,olmesartan medoxomil-hydrochlorothiazide,drugs,olmesartan
NCT00853957,3181138,Experimental,Aliskiren/Amlodipine,3198105,aliskiren/amlodipine,1,aliskiren,drugs,aliskiren
NCT00853957,3181138,Experimental,Aliskiren/Amlodipine,3198105,aliskiren/amlodipine,2,amlodipine,drugs,amlodipine
NCT00853957,3181139,Active Comparator,Amlodipine,3198106,amlodipine,1,amlodipine,drugs,amlodipine
NCT00860262,3180268,Experimental,telmisartan and amlodipine,3197298,telmisartan and amlodipine,1,telmisartan,drugs,telmisartan
NCT00860262,3180268,Experimental,telmisartan and amlodipine,3197298,telmisartan and amlodipine,2,amlodipine,drugs,amlodipine
NCT00860262,3180269,Active Comparator,amlodipine,3197296,amlodipine,1,amlodipine,drugs,amlodipine
NCT00860262,3180270,Active Comparator,telmisartan,3197297,telmisartan,1,telmisartan,drugs,telmisartan
NCT00865020,3179585,Experimental,Aliskiren 300 mg,3196629,aliskiren,1,aliskiren,drugs,aliskiren
NCT00865020,3179585,Experimental,Aliskiren 300 mg,3196631,placebo to aliskiren,1,placebo to aliskiren,other,placebo
NCT00865020,3179586,Active Comparator,Telmisartan 80 mg,3196630,telmisartan,1,telmisartan,drugs,telmisartan
NCT00865020,3179586,Active Comparator,Telmisartan 80 mg,3196632,placebo to telmisartan,1,placebo to telmisartan,other,placebo
NCT00872586,3178538,Experimental,1,3195555,olmesartan medoxomil + hydrochlorothiazide,1,olmesartan medoxomil,drugs,olmesartan
NCT00872586,3178538,Experimental,1,3195555,olmesartan medoxomil + hydrochlorothiazide,2,hydrochlorothiazide,drugs,hydrochlorothiazide
NCT00872586,3178539,Active Comparator,2,3195556,olmesartan medoxomil,1,olmesartan medoxomil,drugs,olmesartan
NCT00877929,3177809,Experimental,Telmisartan 80 / Amlodipine 10,3194841,telmisartan 80,1,telmisartan 80,drugs,telmisartan
NCT00877929,3177809,Experimental,Telmisartan 80 / Amlodipine 10,3194842,amlodipine 10,1,amlodipine 10,drugs,amlodipine
NCT00877929,3177810,Active Comparator,Amlodipine 10,3194843,amlodipine 10,1,amlodipine 10,drugs,amlodipine
NCT00902304,3174771,Active Comparator,Usual care,3191305,usual care,1,usual care,other,standard care
NCT00902304,3174772,Experimental,Monotherapy (initial monotherapy arm),3191303,valsartan and hydrochlorothiazide (hctz) - monotherapy,1,valsartan,drugs,valsartan
NCT00902304,3174772,Experimental,Monotherapy (initial monotherapy arm),3191303,valsartan and hydrochlorothiazide (hctz) - monotherapy,2,hydrochlorothiazide (hctz) - monotherapy,drugs,hydrochlorothiazide
NCT00902304,3174772,Experimental,Monotherapy (initial monotherapy arm),3191306,valsartan,1,valsartan,drugs,valsartan
NCT00902304,3174773,Experimental,Combination (initial combination therapy arm),3191304,valsartan and amlodipine,1,valsartan,drugs,valsartan
NCT00902304,3174773,Experimental,Combination (initial combination therapy arm),3191304,valsartan and amlodipine,2,amlodipine,drugs,amlodipine
NCT00902304,3174773,Experimental,Combination (initial combination therapy arm),3191307,valsartan and hydrochlorothiazide (hctz) - combination arm,1,valsartan,drugs,valsartan
NCT00902304,3174773,Experimental,Combination (initial combination therapy arm),3191307,valsartan and hydrochlorothiazide (hctz) - combination arm,2,hydrochlorothiazide (hctz) - combination arm,drugs,hydrochlorothiazide
NCT00902538,3174725,Experimental,Olmesartan (OLM) 40mg-Amlodipine (AML) 10mg,3191263,olmesartan medoxomil 40 mg - amlodipine 10 mg,1,olmesartan medoxomil 40 mg - amlodipine 10 mg,drugs,olmesartan
NCT00902538,3174726,Experimental,Olmesartan 40mg-Amlodipine 10mg-Hydrochlorothiazide 12.5mg,3191264,olmesartan 40mg-amlodipine 10mg-hydrochlorothiazide 12.5mg,1,olmesartan 40mg-amlodipine 10mg-hydrochlorothiazide 12.5mg,drugs,hydrochlorothiazide
NCT00902538,3174727,Experimental,Olmesartan 40mg-Amlodipine 10mg-Hydrochlorothiazide 25mg,3191265,olmesartan 40mg-amlodipine 10mg-hydrochlorothiazide 25mg,1,olmesartan 40mg-amlodipine 10mg-hydrochlorothiazide 25mg,drugs,hydrochlorothiazide
NCT00902538,3174728,Experimental,OLM 40mg-AML 10mg-Hydrochlorothiazide 12.5mg (Responders),3191266,olm 40mg-aml 10mg-hydrochlorothiazide 12.5mg,1,olm 40mg-aml 10mg-hydrochlorothiazide 12.5mg,drugs,hydrochlorothiazide
NCT00902538,3174729,Experimental,OLM 40mg-AML 10mg-Hydrochlorothiazide 12.5mg (Non-responders),3191267,olm 40mg-aml 10mg-hydrochlorothiazide 12.5mg,1,olm 40mg-aml 10mg-hydrochlorothiazide 12.5mg,drugs,hydrochlorothiazide
NCT00902538,3174730,Experimental,OLM 40mg-AML 10mg-Hydrochlorothiazide 25mg (Non-responders),3191268,olm 40mg-aml 10mg-hydrochlorothiazide 25mg,1,olm 40mg-aml 10mg-hydrochlorothiazide 25mg,drugs,hydrochlorothiazide
NCT00923091,3171930,Experimental,olmesartan/amlodipine/hydrochlorothiazide 20mg/5mg/12.5mg,3188572,olmesartan medoxomil + amlodipine + hydroclororthiazide + placebo,1,olmesartan medoxomil,drugs,olmesartan
NCT00923091,3171930,Experimental,olmesartan/amlodipine/hydrochlorothiazide 20mg/5mg/12.5mg,3188572,olmesartan medoxomil + amlodipine + hydroclororthiazide + placebo,2,amlodipine,drugs,amlodipine
NCT00923091,3171930,Experimental,olmesartan/amlodipine/hydrochlorothiazide 20mg/5mg/12.5mg,3188572,olmesartan medoxomil + amlodipine + hydroclororthiazide + placebo,3,hydroclororthiazide,drugs,hydrochlorothiazide
NCT00923091,3171930,Experimental,olmesartan/amlodipine/hydrochlorothiazide 20mg/5mg/12.5mg,3188572,olmesartan medoxomil + amlodipine + hydroclororthiazide + placebo,4,placebo,other,placebo
NCT00923091,3171931,Experimental,olmesartan/amlodipine/hydrochlorothiazide 40mg/5mg/12.5mg,3188573,olmesartan medoxomil + amlodipine + hydrochlorothiazide + placebo,1,olmesartan medoxomil,drugs,olmesartan
NCT00923091,3171931,Experimental,olmesartan/amlodipine/hydrochlorothiazide 40mg/5mg/12.5mg,3188573,olmesartan medoxomil + amlodipine + hydrochlorothiazide + placebo,2,amlodipine,drugs,amlodipine
NCT00923091,3171931,Experimental,olmesartan/amlodipine/hydrochlorothiazide 40mg/5mg/12.5mg,3188573,olmesartan medoxomil + amlodipine + hydrochlorothiazide + placebo,3,hydrochlorothiazide,drugs,hydrochlorothiazide
NCT00923091,3171931,Experimental,olmesartan/amlodipine/hydrochlorothiazide 40mg/5mg/12.5mg,3188573,olmesartan medoxomil + amlodipine + hydrochlorothiazide + placebo,4,placebo,other,placebo
NCT00923091,3171932,Experimental,olmesartan/amlodipine/hydrochlorothiazide 40mg/5mg/25mg,3188574,olmesartan medoxomil + amlodipine + hydroclororthiazide,1,olmesartan medoxomil,drugs,olmesartan
NCT00923091,3171932,Experimental,olmesartan/amlodipine/hydrochlorothiazide 40mg/5mg/25mg,3188574,olmesartan medoxomil + amlodipine + hydroclororthiazide,2,amlodipine,drugs,amlodipine
NCT00923091,3171932,Experimental,olmesartan/amlodipine/hydrochlorothiazide 40mg/5mg/25mg,3188574,olmesartan medoxomil + amlodipine + hydroclororthiazide,3,hydroclororthiazide,drugs,hydrochlorothiazide
NCT00923091,3171933,Experimental,olmesartan/amlodipine/hydrochlorothiazide 40mg/10mg/12.5mg,3188575,olmesartan medoxomil + amlodipine + hydroclororthiazide,1,olmesartan medoxomil,drugs,olmesartan
NCT00923091,3171933,Experimental,olmesartan/amlodipine/hydrochlorothiazide 40mg/10mg/12.5mg,3188575,olmesartan medoxomil + amlodipine + hydroclororthiazide,2,amlodipine,drugs,amlodipine
NCT00923091,3171933,Experimental,olmesartan/amlodipine/hydrochlorothiazide 40mg/10mg/12.5mg,3188575,olmesartan medoxomil + amlodipine + hydroclororthiazide,3,hydroclororthiazide,drugs,hydrochlorothiazide
NCT00923091,3171934,Experimental,olmesartan/amlodipine/hydrochlorothiazide 40mg/10mg/25mg,3188576,olmesartan medoxomil + amlodipine + hydroclororthiazide,1,olmesartan medoxomil,drugs,olmesartan
NCT00923091,3171934,Experimental,olmesartan/amlodipine/hydrochlorothiazide 40mg/10mg/25mg,3188576,olmesartan medoxomil + amlodipine + hydroclororthiazide,2,amlodipine,drugs,amlodipine
NCT00923091,3171934,Experimental,olmesartan/amlodipine/hydrochlorothiazide 40mg/10mg/25mg,3188576,olmesartan medoxomil + amlodipine + hydroclororthiazide,3,hydroclororthiazide,drugs,hydrochlorothiazide
NCT00923091,3171935,Experimental,olmesartan/amlodipine 20mg/5mg,3188577,olmesartan medoxomil + amlodipine,1,olmesartan medoxomil,drugs,olmesartan
NCT00923091,3171935,Experimental,olmesartan/amlodipine 20mg/5mg,3188577,olmesartan medoxomil + amlodipine,2,amlodipine,drugs,amlodipine
NCT00923091,3171936,Experimental,olmesartan/amlodipine 40mg/5mg,3188578,olmesartan medoxomil + amlodipine,1,olmesartan medoxomil,drugs,olmesartan
NCT00923091,3171936,Experimental,olmesartan/amlodipine 40mg/5mg,3188578,olmesartan medoxomil + amlodipine,2,amlodipine,drugs,amlodipine
NCT00923091,3171937,Experimental,olmesartan/amlodipine 40mg/10mg,3188579,olmesartan medoxomil + amlodipine,1,olmesartan medoxomil,drugs,olmesartan
NCT00923091,3171937,Experimental,olmesartan/amlodipine 40mg/10mg,3188579,olmesartan medoxomil + amlodipine,2,amlodipine,drugs,amlodipine
NCT00926289,3171550,Active Comparator,Telmisartan,3188180,telmisartan,1,telmisartan,drugs,telmisartan
NCT00926289,3171551,Experimental,Telmisartan/hydrochlorothiazide,3188181,telmisartan,1,telmisartan,drugs,telmisartan
NCT00926289,3171551,Experimental,Telmisartan/hydrochlorothiazide,3188182,hydrochlorothiazide,1,hydrochlorothiazide,drugs,hydrochlorothiazide
NCT00927394,3171371,Experimental,Combination Therapy: Aliskiren + Valsartan,3188035,aliskiren,1,aliskiren,drugs,aliskiren
NCT00927394,3171371,Experimental,Combination Therapy: Aliskiren + Valsartan,3188036,valsartan,1,valsartan,drugs,valsartan
NCT00927394,3171371,Experimental,Combination Therapy: Aliskiren + Valsartan,3188037,placebo for aliskiren,1,placebo for aliskiren,other,placebo
NCT00927394,3171371,Experimental,Combination Therapy: Aliskiren + Valsartan,3188038,placebo for valsartan,1,placebo for valsartan,other,placebo
NCT00927394,3171372,Active Comparator,Monotherapy: Valsartan,3188036,valsartan,1,valsartan,drugs,valsartan
NCT00927394,3171372,Active Comparator,Monotherapy: Valsartan,3188037,placebo for aliskiren,1,placebo for aliskiren,other,placebo
NCT00927394,3171372,Active Comparator,Monotherapy: Valsartan,3188038,placebo for valsartan,1,placebo for valsartan,other,placebo
NCT00931710,3170719,Experimental,Valsartan/amlodipine/HCTZ,3187398,"valsartan, amlodipine, hctz",1,valsartan,drugs,valsartan
NCT00931710,3170719,Experimental,Valsartan/amlodipine/HCTZ,3187398,"valsartan, amlodipine, hctz",2,amlodipine,drugs,amlodipine
NCT00931710,3170719,Experimental,Valsartan/amlodipine/HCTZ,3187398,"valsartan, amlodipine, hctz",3,hctz,drugs,hydrochlorothiazide
NCT00931710,3170720,Active Comparator,Losartan/HCTZ,3187399,"losartan, hctz followed by valsartan, amlodipine, hctz",1,losartan,drugs,losartan
NCT00931710,3170720,Active Comparator,Losartan/HCTZ,3187399,"losartan, hctz followed by valsartan, amlodipine, hctz",2,hctz followed by valsartan,drugs,valsartan
NCT00931710,3170720,Active Comparator,Losartan/HCTZ,3187399,"losartan, hctz followed by valsartan, amlodipine, hctz",3,amlodipine,drugs,amlodipine
NCT00931710,3170720,Active Comparator,Losartan/HCTZ,3187399,"losartan, hctz followed by valsartan, amlodipine, hctz",4,hctz,drugs,hydrochlorothiazide
NCT00942994,3169144,Experimental,Triple Therapy (Aliskiren/Amlodipine/HCTZ),3185845,aliskiren/amlodipine and hydrochlorothiazide (hctz),1,aliskiren,drugs,aliskiren
NCT00942994,3169144,Experimental,Triple Therapy (Aliskiren/Amlodipine/HCTZ),3185845,aliskiren/amlodipine and hydrochlorothiazide (hctz),2,amlodipine,drugs,amlodipine
NCT00942994,3169144,Experimental,Triple Therapy (Aliskiren/Amlodipine/HCTZ),3185845,aliskiren/amlodipine and hydrochlorothiazide (hctz),3,hydrochlorothiazide (hctz),drugs,hydrochlorothiazide
NCT00942994,3169145,Active Comparator,Dual Therapy (Aliskiren/Amlodipine),3185844,aliskiren/amlodipine,1,aliskiren,drugs,aliskiren
NCT00942994,3169145,Active Comparator,Dual Therapy (Aliskiren/Amlodipine),3185844,aliskiren/amlodipine,2,amlodipine,drugs,amlodipine
NCT00949884,3168160,Experimental,Olmesartan,3184871,olmesartan medoxomil,1,olmesartan medoxomil,drugs,olmesartan
NCT00949884,3168161,Placebo Comparator,Placebo followed by Olmesartan,3184871,olmesartan medoxomil,1,olmesartan medoxomil,drugs,olmesartan
NCT00949884,3168161,Placebo Comparator,Placebo followed by Olmesartan,3184872,placebo,1,placebo,other,placebo
NCT00949884,3168162,Active Comparator,Losartan,3184873,losartan potassium,1,losartan potassium,drugs,losartan
NCT00956644,3167220,Experimental,irbesartan/amlodipine,3183931,irbesartan/amlodipine,1,irbesartan,drugs,irbesartan
NCT00956644,3167220,Experimental,irbesartan/amlodipine,3183931,irbesartan/amlodipine,2,amlodipine,drugs,amlodipine
NCT00956644,3167221,Active Comparator,amlodipine,3183932,amlodipine,1,amlodipine,drugs,amlodipine
NCT00957554,3167090,Experimental,irbesartan/amlodipine,3183822,irbesartan/amlodipine,1,irbesartan,drugs,irbesartan
NCT00957554,3167090,Experimental,irbesartan/amlodipine,3183822,irbesartan/amlodipine,2,amlodipine,drugs,amlodipine
NCT00957554,3167091,Active Comparator,irbesartan,3183823,irbesartan,1,irbesartan,drugs,irbesartan
NCT00993109,3162026,Experimental,Arm 1,3178735,"adalat (nifedipine, baya1040)",1,adalat (nifedipine,drugs,nifedipine
NCT00993109,3162026,Experimental,Arm 1,3178735,"adalat (nifedipine, baya1040)",2,baya1040),drugs,nifedipine
NCT00993109,3162027,Active Comparator,Arm 2,3178736,diovan (valsartan),1,diovan (valsartan),drugs,valsartan
NCT00996281,3161574,Experimental,Azilsartan Medoxomil and Chlorthalidone,3178296,azilsartan medoxomil and chlorthalidone,1,azilsartan medoxomil,drugs,azilsartan
NCT00996281,3161574,Experimental,Azilsartan Medoxomil and Chlorthalidone,3178296,azilsartan medoxomil and chlorthalidone,2,chlorthalidone,drugs,chlorthalidone
NCT00996281,3161575,Active Comparator,Olmesartan Medoxomil and Hydrochlorothiazide QD,3178297,olmesartan medoxomil and hydrochlorothiazide,1,olmesartan medoxomil,drugs,olmesartan
NCT00996281,3161575,Active Comparator,Olmesartan Medoxomil and Hydrochlorothiazide QD,3178297,olmesartan medoxomil and hydrochlorothiazide,2,hydrochlorothiazide,drugs,hydrochlorothiazide
NCT01001572,3160833,Active Comparator,Valsartan 160 mg,3177605,valsartan 160 mg,1,valsartan 160 mg,drugs,valsartan
NCT01001572,3160833,Active Comparator,Valsartan 160 mg,3177606,placebo,1,placebo,other,placebo
NCT01001572,3160834,Experimental,Valsartan/amlodipine 160/5 mg,3177604,valsartan/amlodipine 160/5 mg,1,valsartan,drugs,valsartan
NCT01001572,3160834,Experimental,Valsartan/amlodipine 160/5 mg,3177604,valsartan/amlodipine 160/5 mg,2,amlodipine 160,drugs,amlodipine
NCT01001572,3160834,Experimental,Valsartan/amlodipine 160/5 mg,3177604,valsartan/amlodipine 160/5 mg,3,5 mg,other,not a drug
NCT01001572,3160834,Experimental,Valsartan/amlodipine 160/5 mg,3177606,placebo,1,placebo,other,placebo
NCT01001572,3160835,Other,Single-Blind Run-In Valsartan 160 mg,3177605,valsartan 160 mg,1,valsartan 160 mg,drugs,valsartan
NCT01033071,3156424,Experimental,Azilsartan Medoxomil 20-40mg/Chlorthalidone 12.5-25mg QD,3173342,azilsartan medoxomil and chlorthalidone,1,azilsartan medoxomil,drugs,azilsartan
NCT01033071,3156424,Experimental,Azilsartan Medoxomil 20-40mg/Chlorthalidone 12.5-25mg QD,3173342,azilsartan medoxomil and chlorthalidone,2,chlorthalidone,drugs,chlorthalidone
NCT01033071,3156425,Experimental,Azilsartan Medoxomil 40-80mg/Chlorthalidone 12.5-25mg QD,3173343,azilsartan medoxomil and chlorthalidone,1,azilsartan medoxomil,drugs,azilsartan
NCT01033071,3156425,Experimental,Azilsartan Medoxomil 40-80mg/Chlorthalidone 12.5-25mg QD,3173343,azilsartan medoxomil and chlorthalidone,2,chlorthalidone,drugs,chlorthalidone
NCT01033071,3156426,Active Comparator,Olmesartan Medoxomil 20-40mg/Hydrochlorothiazide 12.5-25mg QD,3173344,olmesartan medoxomil and hydrochlorothiazide,1,olmesartan medoxomil,drugs,olmesartan
NCT01033071,3156426,Active Comparator,Olmesartan Medoxomil 20-40mg/Hydrochlorothiazide 12.5-25mg QD,3173344,olmesartan medoxomil and hydrochlorothiazide,2,hydrochlorothiazide,drugs,hydrochlorothiazide
NCT01042392,3155162,Active Comparator,Ramipril,3172220,ramipril,1,ramipril,drugs,ramipril
NCT01042392,3155162,Active Comparator,Ramipril,3172221,matching placebo to aliskiren,1,matching placebo to aliskiren,other,placebo
NCT01042392,3155163,Experimental,Aliskiren,3172219,aliskiren,1,aliskiren,drugs,aliskiren
NCT01042392,3155163,Experimental,Aliskiren,3172222,matching placebo to ramipril,1,matching placebo to ramipril,other,placebo
NCT01042392,3155164,Placebo Comparator,Placebo to Ramipril,3172222,matching placebo to ramipril,1,matching placebo to ramipril,other,placebo
NCT01042392,3155165,Placebo Comparator,Placebo to Aliskiren,3172221,matching placebo to aliskiren,1,matching placebo to aliskiren,other,placebo
NCT01071122,3151078,Experimental,Arm 1,3168501,"nifedipine (adalat, baya1040) and valsartan",1,nifedipine (adalat,drugs,nifedipine
NCT01071122,3151078,Experimental,Arm 1,3168501,"nifedipine (adalat, baya1040) and valsartan",2,baya1040),drugs,nifedipine
NCT01071122,3151078,Experimental,Arm 1,3168501,"nifedipine (adalat, baya1040) and valsartan",3,valsartan,drugs,valsartan
NCT01071122,3151079,Active Comparator,Arm 2,3168502,"nifedipine (adalat, baya1040)",1,nifedipine (adalat,drugs,nifedipine
NCT01071122,3151079,Active Comparator,Arm 2,3168502,"nifedipine (adalat, baya1040)",2,baya1040),drugs,nifedipine
NCT01071122,3151080,Active Comparator,Arm 3,3168503,valsartan,1,valsartan,drugs,valsartan
NCT01075698,3150433,Active Comparator,Non-ARB group,3167928,non-arb (standard therapy),1,non-arb (standard therapy),other,not a drug
NCT01075698,3150434,Active Comparator,ARB group,3167929,arb (telmisartan),1,arb (telmisartan),drugs,telmisartan
NCT01101009,3146817,Active Comparator,Perindopril+amlodipine,3164709,"perindopril + amlodipine + if necessary, hydrochlorothiazide",1,perindopril,drugs,perindopril
NCT01101009,3146817,Active Comparator,Perindopril+amlodipine,3164709,"perindopril + amlodipine + if necessary, hydrochlorothiazide",2,amlodipine,drugs,amlodipine
NCT01101009,3146817,Active Comparator,Perindopril+amlodipine,3164709,"perindopril + amlodipine + if necessary, hydrochlorothiazide",3,if necessary,other,not a drug
NCT01101009,3146817,Active Comparator,Perindopril+amlodipine,3164709,"perindopril + amlodipine + if necessary, hydrochlorothiazide",4,hydrochlorothiazide,drugs,hydrochlorothiazide
NCT01101009,3146818,Active Comparator,Olmesartan/amlodipine,3164710,"olmesartan/amlodipine + hydrochlorothiazide, if necessary.",1,olmesartan,drugs,olmesartan
NCT01101009,3146818,Active Comparator,Olmesartan/amlodipine,3164710,"olmesartan/amlodipine + hydrochlorothiazide, if necessary.",2,amlodipine,drugs,amlodipine
NCT01101009,3146818,Active Comparator,Olmesartan/amlodipine,3164710,"olmesartan/amlodipine + hydrochlorothiazide, if necessary.",3,hydrochlorothiazide,drugs,hydrochlorothiazide
NCT01101009,3146818,Active Comparator,Olmesartan/amlodipine,3164710,"olmesartan/amlodipine + hydrochlorothiazide, if necessary.",4,if necessary.,other,not a drug
NCT01167153,3137487,Experimental,Valsartan/amlodipine,3156150,valsartan/amlodipine,1,valsartan,drugs,valsartan
NCT01167153,3137487,Experimental,Valsartan/amlodipine,3156150,valsartan/amlodipine,2,amlodipine,drugs,amlodipine
NCT01167153,3137488,Active Comparator,Nifedipine,3156151,nifedipine,1,nifedipine,drugs,nifedipine
NCT01237223,3127585,Placebo Comparator,Placebo,3146952,placebo of aliskiren,1,placebo of aliskiren,other,placebo
NCT01237223,3127585,Placebo Comparator,Placebo,3146953,placebo of amlodipine,1,placebo of amlodipine,other,placebo
NCT01237223,3127585,Placebo Comparator,Placebo,3146954,placebo of aliskiren/amlodipine 150/2.5 mg,1,placebo of aliskiren,other,placebo
NCT01237223,3127585,Placebo Comparator,Placebo,3146954,placebo of aliskiren/amlodipine 150/2.5 mg,2,amlodipine 150,drugs,amlodipine
NCT01237223,3127585,Placebo Comparator,Placebo,3146954,placebo of aliskiren/amlodipine 150/2.5 mg,3,2.5 mg,other,not a drug
NCT01237223,3127585,Placebo Comparator,Placebo,3146955,placebo of aliskiren/amlodipine 150/5 mg,1,placebo of aliskiren,other,placebo
NCT01237223,3127585,Placebo Comparator,Placebo,3146955,placebo of aliskiren/amlodipine 150/5 mg,2,amlodipine 150,drugs,amlodipine
NCT01237223,3127585,Placebo Comparator,Placebo,3146955,placebo of aliskiren/amlodipine 150/5 mg,3,5 mg,other,not a drug
NCT01237223,3127586,Active Comparator,Aliskiren 150 mg,3146950,aliskiren 150 mg,1,aliskiren 150 mg,drugs,aliskiren
NCT01237223,3127586,Active Comparator,Aliskiren 150 mg,3146953,placebo of amlodipine,1,placebo of amlodipine,other,placebo
NCT01237223,3127586,Active Comparator,Aliskiren 150 mg,3146954,placebo of aliskiren/amlodipine 150/2.5 mg,1,placebo of aliskiren,other,placebo
NCT01237223,3127586,Active Comparator,Aliskiren 150 mg,3146954,placebo of aliskiren/amlodipine 150/2.5 mg,2,amlodipine 150,drugs,amlodipine
NCT01237223,3127586,Active Comparator,Aliskiren 150 mg,3146954,placebo of aliskiren/amlodipine 150/2.5 mg,3,2.5 mg,other,not a drug
NCT01237223,3127586,Active Comparator,Aliskiren 150 mg,3146955,placebo of aliskiren/amlodipine 150/5 mg,1,placebo of aliskiren,other,placebo
NCT01237223,3127586,Active Comparator,Aliskiren 150 mg,3146955,placebo of aliskiren/amlodipine 150/5 mg,2,amlodipine 150,drugs,amlodipine
NCT01237223,3127586,Active Comparator,Aliskiren 150 mg,3146955,placebo of aliskiren/amlodipine 150/5 mg,3,5 mg,other,not a drug
NCT01237223,3127587,Active Comparator,Amlodipine 2.5 mg,3146951,amlodipine 2.5 mg,1,amlodipine 2.5 mg,drugs,amlodipine
NCT01237223,3127587,Active Comparator,Amlodipine 2.5 mg,3146952,placebo of aliskiren,1,placebo of aliskiren,other,placebo
NCT01237223,3127587,Active Comparator,Amlodipine 2.5 mg,3146953,placebo of amlodipine,1,placebo of amlodipine,other,placebo
NCT01237223,3127587,Active Comparator,Amlodipine 2.5 mg,3146954,placebo of aliskiren/amlodipine 150/2.5 mg,1,placebo of aliskiren,other,placebo
NCT01237223,3127587,Active Comparator,Amlodipine 2.5 mg,3146954,placebo of aliskiren/amlodipine 150/2.5 mg,2,amlodipine 150,drugs,amlodipine
NCT01237223,3127587,Active Comparator,Amlodipine 2.5 mg,3146954,placebo of aliskiren/amlodipine 150/2.5 mg,3,2.5 mg,other,not a drug
NCT01237223,3127587,Active Comparator,Amlodipine 2.5 mg,3146955,placebo of aliskiren/amlodipine 150/5 mg,1,placebo of aliskiren,other,placebo
NCT01237223,3127587,Active Comparator,Amlodipine 2.5 mg,3146955,placebo of aliskiren/amlodipine 150/5 mg,2,amlodipine 150,drugs,amlodipine
NCT01237223,3127587,Active Comparator,Amlodipine 2.5 mg,3146955,placebo of aliskiren/amlodipine 150/5 mg,3,5 mg,other,not a drug
NCT01237223,3127588,Active Comparator,Amlodipine 5 mg,3146951,amlodipine 2.5 mg,1,amlodipine 2.5 mg,drugs,amlodipine
NCT01237223,3127588,Active Comparator,Amlodipine 5 mg,3146952,placebo of aliskiren,1,placebo of aliskiren,other,placebo
NCT01237223,3127588,Active Comparator,Amlodipine 5 mg,3146954,placebo of aliskiren/amlodipine 150/2.5 mg,1,placebo of aliskiren,other,placebo
NCT01237223,3127588,Active Comparator,Amlodipine 5 mg,3146954,placebo of aliskiren/amlodipine 150/2.5 mg,2,amlodipine 150,drugs,amlodipine
NCT01237223,3127588,Active Comparator,Amlodipine 5 mg,3146954,placebo of aliskiren/amlodipine 150/2.5 mg,3,2.5 mg,other,not a drug
NCT01237223,3127588,Active Comparator,Amlodipine 5 mg,3146955,placebo of aliskiren/amlodipine 150/5 mg,1,placebo of aliskiren,other,placebo
NCT01237223,3127588,Active Comparator,Amlodipine 5 mg,3146955,placebo of aliskiren/amlodipine 150/5 mg,2,amlodipine 150,drugs,amlodipine
NCT01237223,3127588,Active Comparator,Amlodipine 5 mg,3146955,placebo of aliskiren/amlodipine 150/5 mg,3,5 mg,other,not a drug
NCT01237223,3127589,Experimental,Aliskiren/amlodipine 150/2.5 mg,3146948,aliskiren/amlodipine 150/2.5 mg,1,aliskiren,drugs,aliskiren
NCT01237223,3127589,Experimental,Aliskiren/amlodipine 150/2.5 mg,3146948,aliskiren/amlodipine 150/2.5 mg,2,amlodipine 150,drugs,amlodipine
NCT01237223,3127589,Experimental,Aliskiren/amlodipine 150/2.5 mg,3146948,aliskiren/amlodipine 150/2.5 mg,3,2.5 mg,other,not a drug
NCT01237223,3127589,Experimental,Aliskiren/amlodipine 150/2.5 mg,3146952,placebo of aliskiren,1,placebo of aliskiren,other,placebo
NCT01237223,3127589,Experimental,Aliskiren/amlodipine 150/2.5 mg,3146953,placebo of amlodipine,1,placebo of amlodipine,other,placebo
NCT01237223,3127589,Experimental,Aliskiren/amlodipine 150/2.5 mg,3146955,placebo of aliskiren/amlodipine 150/5 mg,1,placebo of aliskiren,other,placebo
NCT01237223,3127589,Experimental,Aliskiren/amlodipine 150/2.5 mg,3146955,placebo of aliskiren/amlodipine 150/5 mg,2,amlodipine 150,drugs,amlodipine
NCT01237223,3127589,Experimental,Aliskiren/amlodipine 150/2.5 mg,3146955,placebo of aliskiren/amlodipine 150/5 mg,3,5 mg,other,not a drug
NCT01237223,3127590,Experimental,Aliskiren/amlodipine 150/5 mg,3146949,aliskiren/amlodipine 150/5 mg,1,aliskiren,drugs,aliskiren
NCT01237223,3127590,Experimental,Aliskiren/amlodipine 150/5 mg,3146949,aliskiren/amlodipine 150/5 mg,2,amlodipine 150,drugs,amlodipine
NCT01237223,3127590,Experimental,Aliskiren/amlodipine 150/5 mg,3146949,aliskiren/amlodipine 150/5 mg,3,5 mg,other,not a drug
NCT01237223,3127590,Experimental,Aliskiren/amlodipine 150/5 mg,3146952,placebo of aliskiren,1,placebo of aliskiren,other,placebo
NCT01237223,3127590,Experimental,Aliskiren/amlodipine 150/5 mg,3146953,placebo of amlodipine,1,placebo of amlodipine,other,placebo
NCT01237223,3127590,Experimental,Aliskiren/amlodipine 150/5 mg,3146954,placebo of aliskiren/amlodipine 150/2.5 mg,1,placebo of aliskiren,other,placebo
NCT01237223,3127590,Experimental,Aliskiren/amlodipine 150/5 mg,3146954,placebo of aliskiren/amlodipine 150/2.5 mg,2,amlodipine 150,drugs,amlodipine
NCT01237223,3127590,Experimental,Aliskiren/amlodipine 150/5 mg,3146954,placebo of aliskiren/amlodipine 150/2.5 mg,3,2.5 mg,other,not a drug
NCT01368536,3109050,Experimental,Valturna,3130190,valturna,1,valturna,combination,valsartan
NCT01368536,3109050,Experimental,Valturna,3130190,valturna,1,valturna,combination,aliskiren
NCT01368536,3109050,Experimental,Valturna,3130193,placebo of valturna tablet,1,placebo of valturna tablet,combination,valsartan
NCT01368536,3109050,Experimental,Valturna,3130193,placebo of valturna tablet,1,placebo of valturna tablet,combination,aliskiren
NCT01368536,3109050,Experimental,Valturna,3130193,placebo of valturna tablet,1,placebo of valturna tablet,other,placebo
NCT01368536,3109050,Experimental,Valturna,3130194,placebo capsule,1,placebo capsule,other,placebo
NCT01368536,3109051,Active Comparator,Valturna + Amlodipine,3130190,valturna,1,valturna,combination,valsartan
NCT01368536,3109051,Active Comparator,Valturna + Amlodipine,3130190,valturna,1,valturna,combination,aliskiren
NCT01368536,3109051,Active Comparator,Valturna + Amlodipine,3130191,amlodipine,1,amlodipine,drugs,amlodipine
NCT01368536,3109051,Active Comparator,Valturna + Amlodipine,3130193,placebo of valturna tablet,1,placebo of valturna tablet,combination,valsartan
NCT01368536,3109051,Active Comparator,Valturna + Amlodipine,3130193,placebo of valturna tablet,1,placebo of valturna tablet,combination,aliskiren
NCT01368536,3109051,Active Comparator,Valturna + Amlodipine,3130193,placebo of valturna tablet,1,placebo of valturna tablet,other,placebo
NCT01368536,3109051,Active Comparator,Valturna + Amlodipine,3130194,placebo capsule,1,placebo capsule,other,placebo
NCT01368536,3109052,Active Comparator,Valturna + chlorthalidone,3130190,valturna,1,valturna,combination,valsartan
NCT01368536,3109052,Active Comparator,Valturna + chlorthalidone,3130190,valturna,1,valturna,combination,aliskiren
NCT01368536,3109052,Active Comparator,Valturna + chlorthalidone,3130192,chlorthalidone,1,chlorthalidone,drugs,chlorthalidone
NCT01368536,3109052,Active Comparator,Valturna + chlorthalidone,3130193,placebo of valturna tablet,1,placebo of valturna tablet,combination,valsartan
NCT01368536,3109052,Active Comparator,Valturna + chlorthalidone,3130193,placebo of valturna tablet,1,placebo of valturna tablet,combination,aliskiren
NCT01368536,3109052,Active Comparator,Valturna + chlorthalidone,3130193,placebo of valturna tablet,1,placebo of valturna tablet,other,placebo
NCT01368536,3109052,Active Comparator,Valturna + chlorthalidone,3130194,placebo capsule,1,placebo capsule,other,placebo
NCT01508026,3089235,Experimental,Nebivolol and Valsartan Fixed Dose Combination 1,3112147,nebivolol and valsartan 1,1,nebivolol,drugs,nebivolol
NCT01508026,3089235,Experimental,Nebivolol and Valsartan Fixed Dose Combination 1,3112147,nebivolol and valsartan 1,2,valsartan 1,drugs,valsartan
NCT01508026,3089236,Experimental,Nebivolol and Valsartan Fixed Dose Combination 2,3112148,nebivolol and valsartan 2,1,nebivolol,drugs,nebivolol
NCT01508026,3089236,Experimental,Nebivolol and Valsartan Fixed Dose Combination 2,3112148,nebivolol and valsartan 2,2,valsartan 2,drugs,valsartan
NCT01508026,3089237,Experimental,Nebivolol and Valsartan Fixed Dose Combination 3,3112149,nebivolol and valsartan 3,1,nebivolol,drugs,nebivolol
NCT01508026,3089237,Experimental,Nebivolol and Valsartan Fixed Dose Combination 3,3112149,nebivolol and valsartan 3,2,valsartan 3,drugs,valsartan
NCT01508026,3089238,Experimental,Nebivolol Low Dose,3112150,nebivolol 1,1,nebivolol 1,drugs,nebivolol
NCT01508026,3089239,Experimental,Nebivolol High Dose,3112151,nebivolol 2,1,nebivolol 2,drugs,nebivolol
NCT01508026,3089240,Experimental,Valsartan Low Dose,3112152,valsartan 1,1,valsartan 1,drugs,valsartan
NCT01508026,3089241,Experimental,Valsartan High Dose,3112153,valsartan 2,1,valsartan 2,drugs,valsartan
NCT01508026,3089242,Placebo Comparator,Placebo,3112154,placebo,1,placebo,other,placebo
NCT01518855,3087680,Experimental,Arm 1,3110707,"nifedipine (adalat, baya1040)",1,nifedipine (adalat,drugs,nifedipine
NCT01518855,3087680,Experimental,Arm 1,3110707,"nifedipine (adalat, baya1040)",2,baya1040),drugs,nifedipine
NCT01518855,3087680,Experimental,Arm 1,3110709,diovan,1,diovan,drugs,valsartan
NCT01518855,3087681,Active Comparator,Arm 2,3110708,amlodipine (norvasc),1,amlodipine (norvasc),drugs,amlodipine
NCT01518855,3087681,Active Comparator,Arm 2,3110709,diovan,1,diovan,drugs,valsartan
NCT01599104,3075971,Experimental,LCZ696 200 mg,3100209,lcz696,1,lcz696,combination,valsartan and sacubitril
NCT01599104,3075971,Experimental,LCZ696 200 mg,3100209,lcz696,1,lcz696,combination,valsartan
NCT01599104,3075971,Experimental,LCZ696 200 mg,3100211,placebo,1,placebo,other,placebo
NCT01599104,3075972,Experimental,LCZ696 400 mg,3100209,lcz696,1,lcz696,combination,valsartan and sacubitril
NCT01599104,3075972,Experimental,LCZ696 400 mg,3100209,lcz696,1,lcz696,combination,valsartan
NCT01599104,3075972,Experimental,LCZ696 400 mg,3100211,placebo,1,placebo,other,placebo
NCT01599104,3075973,Active Comparator,Olmesartan 20 mg,3100210,olmesartan,1,olmesartan,drugs,olmesartan
NCT01599104,3075973,Active Comparator,Olmesartan 20 mg,3100211,placebo,1,placebo,other,placebo
NCT01615198,3073682,Experimental,LCZ696,3098255,placebo,1,placebo,other,placebo
NCT01615198,3073682,Experimental,LCZ696,3098256,lcz696,1,lcz696,combination,valsartan and sacubitril
NCT01615198,3073682,Experimental,LCZ696,3098256,lcz696,1,lcz696,combination,valsartan
NCT01615198,3073683,Active Comparator,Olmesartan,3098254,olmesartan,1,olmesartan,drugs,olmesartan
NCT01615198,3073683,Active Comparator,Olmesartan,3098255,placebo,1,placebo,other,placebo
NCT01785472,3048781,Experimental,LCZ696 200 mg,3076717,lcz696,1,lcz696,combination,valsartan and sacubitril
NCT01785472,3048781,Experimental,LCZ696 200 mg,3076717,lcz696,1,lcz696,combination,valsartan
NCT01785472,3048781,Experimental,LCZ696 200 mg,3076719,placebo of lcz696,1,placebo of lcz696,combination,valsartan and sacubitril
NCT01785472,3048781,Experimental,LCZ696 200 mg,3076719,placebo of lcz696,1,placebo of lcz696,combination,valsartan
NCT01785472,3048781,Experimental,LCZ696 200 mg,3076719,placebo of lcz696,1,placebo of lcz696,other,placebo
NCT01785472,3048781,Experimental,LCZ696 200 mg,3076720,placebo of olmesartan,1,placebo of olmesartan,other,placebo
NCT01785472,3048782,Experimental,LCZ696 400 mg,3076717,lcz696,1,lcz696,combination,valsartan and sacubitril
NCT01785472,3048782,Experimental,LCZ696 400 mg,3076717,lcz696,1,lcz696,combination,valsartan
NCT01785472,3048782,Experimental,LCZ696 400 mg,3076719,placebo of lcz696,1,placebo of lcz696,combination,valsartan and sacubitril
NCT01785472,3048782,Experimental,LCZ696 400 mg,3076719,placebo of lcz696,1,placebo of lcz696,combination,valsartan
NCT01785472,3048782,Experimental,LCZ696 400 mg,3076719,placebo of lcz696,1,placebo of lcz696,other,placebo
NCT01785472,3048782,Experimental,LCZ696 400 mg,3076720,placebo of olmesartan,1,placebo of olmesartan,other,placebo
NCT01785472,3048783,Active Comparator,Olmesartan 20 mg,3076718,olmesartan,1,olmesartan,drugs,olmesartan
NCT01785472,3048783,Active Comparator,Olmesartan 20 mg,3076719,placebo of lcz696,1,placebo of lcz696,combination,valsartan and sacubitril
NCT01785472,3048783,Active Comparator,Olmesartan 20 mg,3076719,placebo of lcz696,1,placebo of lcz696,combination,valsartan
NCT01785472,3048783,Active Comparator,Olmesartan 20 mg,3076719,placebo of lcz696,1,placebo of lcz696,other,placebo
NCT01838850,3041114,Experimental,CS8635 20/5/12.5mg and placebo,3069924,cs8635 20/5/12.5mg and placebo,1,cs8635 20,combination,amlodipine
NCT01838850,3041114,Experimental,CS8635 20/5/12.5mg and placebo,3069924,cs8635 20/5/12.5mg and placebo,1,cs8635 20,combination,hydrochlorothiazide
NCT01838850,3041114,Experimental,CS8635 20/5/12.5mg and placebo,3069924,cs8635 20/5/12.5mg and placebo,1,cs8635 20,combination,olmesartan
NCT01838850,3041114,Experimental,CS8635 20/5/12.5mg and placebo,3069924,cs8635 20/5/12.5mg and placebo,2,5,other,not a drug
NCT01838850,3041114,Experimental,CS8635 20/5/12.5mg and placebo,3069924,cs8635 20/5/12.5mg and placebo,3,12.5mg,other,not a drug
NCT01838850,3041114,Experimental,CS8635 20/5/12.5mg and placebo,3069924,cs8635 20/5/12.5mg and placebo,4,placebo,other,placebo
NCT01838850,3041115,Active Comparator,Olmetec Plus 20/12.5mg and placebo,3069925,olmetec plus 20/12.5mg and placebo,1,olmetec,drugs,olmesartan
NCT01838850,3041115,Active Comparator,Olmetec Plus 20/12.5mg and placebo,3069925,olmetec plus 20/12.5mg and placebo,2,20,other,not a drug
NCT01838850,3041115,Active Comparator,Olmetec Plus 20/12.5mg and placebo,3069925,olmetec plus 20/12.5mg and placebo,3,12.5mg,other,not a drug
NCT01838850,3041115,Active Comparator,Olmetec Plus 20/12.5mg and placebo,3069925,olmetec plus 20/12.5mg and placebo,4,placebo,other,placebo
NCT01876368,3035625,Experimental,LCZ696 200 mg,3065020,lcz696,1,lcz696,combination,valsartan and sacubitril
NCT01876368,3035625,Experimental,LCZ696 200 mg,3065020,lcz696,1,lcz696,combination,valsartan
NCT01876368,3035625,Experimental,LCZ696 200 mg,3065022,placebo of lcz696,1,placebo of lcz696,combination,valsartan and sacubitril
NCT01876368,3035625,Experimental,LCZ696 200 mg,3065022,placebo of lcz696,1,placebo of lcz696,combination,valsartan
NCT01876368,3035625,Experimental,LCZ696 200 mg,3065022,placebo of lcz696,1,placebo of lcz696,other,placebo
NCT01876368,3035626,Active Comparator,Olmesartan 20 mg,3065021,olmesartan,1,olmesartan,drugs,olmesartan
NCT01876368,3035626,Active Comparator,Olmesartan 20 mg,3065023,placebo of olmesartan,1,placebo of olmesartan,other,placebo
NCT01928628,3027907,Active Comparator,Lercanidipine 10mg,3058149,lercanidipine 10mg,1,lercanidipine 10mg,drugs,lercanidipine
NCT01928628,3027907,Active Comparator,Lercanidipine 10mg,3058153,lercanidipine10mg /valsartan 80mg placebo,1,lercanidipine10mg,drugs,lercanidipine
NCT01928628,3027907,Active Comparator,Lercanidipine 10mg,3058153,lercanidipine10mg /valsartan 80mg placebo,2,valsartan 80mg placebo,other,placebo
NCT01928628,3027907,Active Comparator,Lercanidipine 10mg,3058154,lercanidipine 10mg /valsartan 160mg placebo,1,lercanidipine 10mg,drugs,lercanidipine
NCT01928628,3027907,Active Comparator,Lercanidipine 10mg,3058154,lercanidipine 10mg /valsartan 160mg placebo,2,valsartan 160mg placebo,other,placebo
NCT01928628,3027908,Experimental,Lercanidipine10mg /Valsartan 80mg,3058150,lercanidipine10mg /valsartan 80mg,1,lercanidipine10mg,drugs,lercanidipine
NCT01928628,3027908,Experimental,Lercanidipine10mg /Valsartan 80mg,3058150,lercanidipine10mg /valsartan 80mg,2,valsartan 80mg,drugs,valsartan
NCT01928628,3027908,Experimental,Lercanidipine10mg /Valsartan 80mg,3058152,lercanidipin 10mg placebo,1,lercanidipin 10mg placebo,other,placebo
NCT01928628,3027908,Experimental,Lercanidipine10mg /Valsartan 80mg,3058154,lercanidipine 10mg /valsartan 160mg placebo,1,lercanidipine 10mg,drugs,lercanidipine
NCT01928628,3027908,Experimental,Lercanidipine10mg /Valsartan 80mg,3058154,lercanidipine 10mg /valsartan 160mg placebo,2,valsartan 160mg placebo,other,placebo
NCT01928628,3027909,Experimental,Lercanidipine 10mg /Valsartan 160mg,3058151,lercanidipine 10mg /valsartan 160mg,1,lercanidipine 10mg,drugs,lercanidipine
NCT01928628,3027909,Experimental,Lercanidipine 10mg /Valsartan 160mg,3058151,lercanidipine 10mg /valsartan 160mg,2,valsartan 160mg,drugs,valsartan
NCT01928628,3027909,Experimental,Lercanidipine 10mg /Valsartan 160mg,3058152,lercanidipin 10mg placebo,1,lercanidipin 10mg placebo,other,placebo
NCT01928628,3027909,Experimental,Lercanidipine 10mg /Valsartan 160mg,3058153,lercanidipine10mg /valsartan 80mg placebo,1,lercanidipine10mg,drugs,lercanidipine
NCT01928628,3027909,Experimental,Lercanidipine 10mg /Valsartan 160mg,3058153,lercanidipine10mg /valsartan 80mg placebo,2,valsartan 80mg placebo,other,placebo
NCT01975246,3020970,Experimental,Telmisartan+amlodipine+HCTZ,3052051,telmisartan + amlodipine,1,telmisartan,drugs,telmisartan
NCT01975246,3020970,Experimental,Telmisartan+amlodipine+HCTZ,3052051,telmisartan + amlodipine,2,amlodipine,drugs,amlodipine
NCT01975246,3020970,Experimental,Telmisartan+amlodipine+HCTZ,3052052,hydrochlorothiazide,1,hydrochlorothiazide,drugs,hydrochlorothiazide
NCT01975246,3020971,Active Comparator,Telmisartan+amlodipine,3052053,telmisartan + amlodipine,1,telmisartan,drugs,telmisartan
NCT01975246,3020971,Active Comparator,Telmisartan+amlodipine,3052053,telmisartan + amlodipine,2,amlodipine,drugs,amlodipine
NCT01975246,3020971,Active Comparator,Telmisartan+amlodipine,3052054,placebo,1,placebo,other,placebo
NCT02172586,2991726,Experimental,Telmisartan,3026347,telmisartan,1,telmisartan,drugs,telmisartan
NCT02172586,2991727,Experimental,Telmisartan + Hydrochlorothiazide,3026347,telmisartan,1,telmisartan,drugs,telmisartan
NCT02172586,2991727,Experimental,Telmisartan + Hydrochlorothiazide,3026349,hydrochlorothiazide,1,hydrochlorothiazide,drugs,hydrochlorothiazide
NCT02172586,2991728,Active Comparator,Losartan,3026348,losartan,1,losartan,drugs,losartan
NCT02172586,2991729,Active Comparator,Losartan + Hydrochlorothiazide,3026348,losartan,1,losartan,drugs,losartan
NCT02172586,2991729,Active Comparator,Losartan + Hydrochlorothiazide,3026349,hydrochlorothiazide,1,hydrochlorothiazide,drugs,hydrochlorothiazide
NCT02175355,2991307,Experimental,Low dose of Micardis,3025970,low dose of micardis,1,low dose of micardis,drugs,telmisartan
NCT02175355,2991308,Experimental,Medium dose of Micardis,3025971,medium dose of micardis,1,medium dose of micardis,drugs,telmisartan
NCT02175355,2991309,Experimental,High dose of Micardis,3025972,high dose of micardis,1,high dose of micardis,drugs,telmisartan
NCT02175355,2991310,Active Comparator,Hydrochlorothiazide,3025973,hydrochlorothiazide,1,hydrochlorothiazide,drugs,hydrochlorothiazide
NCT02175355,2991311,Placebo Comparator,Placebo,3025974,placebo,1,placebo,other,placebo
NCT02177396,2991002,Experimental,Telmisartan,3025698,telmisartan,1,telmisartan,drugs,telmisartan
NCT02177396,2991002,Experimental,Telmisartan,3025700,placebo,1,placebo,other,placebo
NCT02177396,2991003,Active Comparator,Valsartan,3025699,valsartan,1,valsartan,drugs,valsartan
NCT02177396,2991003,Active Comparator,Valsartan,3025700,placebo,1,placebo,other,placebo
NCT02177409,2991000,Experimental,Telmisartan,3025695,telmisartan,1,telmisartan,drugs,telmisartan
NCT02177409,2991000,Experimental,Telmisartan,3025697,placebo,1,placebo,other,placebo
NCT02177409,2991001,Active Comparator,Amlodipine,3025696,amlodipine,1,amlodipine,drugs,amlodipine
NCT02177409,2991001,Active Comparator,Amlodipine,3025697,placebo,1,placebo,other,placebo
NCT02177435,2990997,Experimental,Telmisartan plus Hydrochlorothiazide,3025691,telmisartan/hydrochlorothiazide,1,telmisartan,drugs,telmisartan
NCT02177435,2990997,Experimental,Telmisartan plus Hydrochlorothiazide,3025691,telmisartan/hydrochlorothiazide,2,hydrochlorothiazide,drugs,hydrochlorothiazide
NCT02177435,2990997,Experimental,Telmisartan plus Hydrochlorothiazide,3025692,placebo,1,placebo,other,placebo
NCT02177435,2990998,Experimental,Telmisartan,3025690,telmisartan,1,telmisartan,drugs,telmisartan
NCT02177435,2990998,Experimental,Telmisartan,3025692,placebo,1,placebo,other,placebo
NCT02177461,2990991,Experimental,Telmisartan,3025679,telmisartan,1,telmisartan,drugs,telmisartan
NCT02177461,2990992,Active Comparator,Enalapril,3025680,enalapril,1,enalapril,drugs,enalapril
NCT02177461,2990993,Experimental,Telmisartan + clonidine TTS1,3025679,telmisartan,1,telmisartan,drugs,telmisartan
NCT02177461,2990993,Experimental,Telmisartan + clonidine TTS1,3025681,clonidine,1,clonidine,drugs,clonidine
NCT02177461,2990994,Active Comparator,Enalapril + clonidine TTS1,3025680,enalapril,1,enalapril,drugs,enalapril
NCT02177461,2990994,Active Comparator,Enalapril + clonidine TTS1,3025681,clonidine,1,clonidine,drugs,clonidine
NCT02177500,2990986,Experimental,Telmisartan + hydrochlorothiazide and matching placebo,3025674,telmisartan + hydrochlorothiazide,1,telmisartan,drugs,telmisartan
NCT02177500,2990986,Experimental,Telmisartan + hydrochlorothiazide and matching placebo,3025674,telmisartan + hydrochlorothiazide,2,hydrochlorothiazide,drugs,hydrochlorothiazide
NCT02177500,2990986,Experimental,Telmisartan + hydrochlorothiazide and matching placebo,3025676,placebo,1,placebo,other,placebo
NCT02177500,2990987,Experimental,Telmisartan and matching placebo,3025675,telmisartan,1,telmisartan,drugs,telmisartan
NCT02177500,2990987,Experimental,Telmisartan and matching placebo,3025676,placebo,1,placebo,other,placebo
NCT02183701,2990038,Experimental,Telmisartan,3024766,telmisartan,1,telmisartan,drugs,telmisartan
NCT02183701,2990038,Experimental,Telmisartan,3024768,placebo,1,placebo,other,placebo
NCT02183701,2990039,Active Comparator,Losartan + Hydrochlorothiazide,3024767,losartan + hydrochlorothiazide,1,losartan,drugs,losartan
NCT02183701,2990039,Active Comparator,Losartan + Hydrochlorothiazide,3024767,losartan + hydrochlorothiazide,2,hydrochlorothiazide,drugs,hydrochlorothiazide
NCT02183701,2990039,Active Comparator,Losartan + Hydrochlorothiazide,3024768,placebo,1,placebo,other,placebo
NCT02200640,2987481,Experimental,Low dose of Micardis,3022540,"low dose of micardis, once daily",1,low dose of micardis,drugs,telmisartan
NCT02200640,2987481,Experimental,Low dose of Micardis,3022540,"low dose of micardis, once daily",2,once daily,other,not a drug
NCT02200640,2987481,Experimental,Low dose of Micardis,3022543,placebo,1,placebo,other,placebo
NCT02200640,2987482,Experimental,High dose of Micardis,3022539,"high dose of micardis, once daily",1,high dose of micardis,drugs,telmisartan
NCT02200640,2987482,Experimental,High dose of Micardis,3022539,"high dose of micardis, once daily",2,once daily,other,not a drug
NCT02200640,2987482,Experimental,High dose of Micardis,3022543,placebo,1,placebo,other,placebo
NCT02200640,2987483,Active Comparator,Low dose of COZAAR,3022541,"low dose of cozaar, once daily",1,low dose of cozaar,drugs,losartan
NCT02200640,2987483,Active Comparator,Low dose of COZAAR,3022541,"low dose of cozaar, once daily",2,once daily,other,not a drug
NCT02200640,2987483,Active Comparator,Low dose of COZAAR,3022543,placebo,1,placebo,other,placebo
NCT02200640,2987484,Active Comparator,High dose of COZAAR,3022542,"high dose of cozaar, once daily",1,high dose of cozaar,drugs,losartan
NCT02200640,2987484,Active Comparator,High dose of COZAAR,3022542,"high dose of cozaar, once daily",2,once daily,other,not a drug
NCT02200640,2987484,Active Comparator,High dose of COZAAR,3022543,placebo,1,placebo,other,placebo
NCT02200653,2987477,Experimental,Low dose of MICARDIS,3022535,"low dose of micardis, once daily",1,low dose of micardis,drugs,telmisartan
NCT02200653,2987477,Experimental,Low dose of MICARDIS,3022535,"low dose of micardis, once daily",2,once daily,other,not a drug
NCT02200653,2987477,Experimental,Low dose of MICARDIS,3022538,placebo,1,placebo,other,placebo
NCT02200653,2987478,Experimental,High dose of MICARDIS,3022534,"high dose of micardis, once daily",1,high dose of micardis,drugs,telmisartan
NCT02200653,2987478,Experimental,High dose of MICARDIS,3022534,"high dose of micardis, once daily",2,once daily,other,not a drug
NCT02200653,2987478,Experimental,High dose of MICARDIS,3022538,placebo,1,placebo,other,placebo
NCT02200653,2987479,Active Comparator,Low dose of COZAAR / LORZAAR,3022536,"low dose of cozaar / lorzaar, once daily",1,low dose of cozaar,drugs,losartan
NCT02200653,2987479,Active Comparator,Low dose of COZAAR / LORZAAR,3022536,"low dose of cozaar / lorzaar, once daily",2,lorzaar,combination,hydrochlorothiazide
NCT02200653,2987479,Active Comparator,Low dose of COZAAR / LORZAAR,3022536,"low dose of cozaar / lorzaar, once daily",2,lorzaar,combination,losartan
NCT02200653,2987479,Active Comparator,Low dose of COZAAR / LORZAAR,3022536,"low dose of cozaar / lorzaar, once daily",3,once daily,other,not a drug
NCT02200653,2987479,Active Comparator,Low dose of COZAAR / LORZAAR,3022538,placebo,1,placebo,other,placebo
NCT02200653,2987480,Active Comparator,High dose of COZAAR / LORZAAR,3022537,"high dose of cozaar / lorzaar, once daily",1,high dose of cozaar,drugs,losartan
NCT02200653,2987480,Active Comparator,High dose of COZAAR / LORZAAR,3022537,"high dose of cozaar / lorzaar, once daily",2,lorzaar,combination,hydrochlorothiazide
NCT02200653,2987480,Active Comparator,High dose of COZAAR / LORZAAR,3022537,"high dose of cozaar / lorzaar, once daily",2,lorzaar,combination,losartan
NCT02200653,2987480,Active Comparator,High dose of COZAAR / LORZAAR,3022537,"high dose of cozaar / lorzaar, once daily",3,once daily,other,not a drug
NCT02200653,2987480,Active Comparator,High dose of COZAAR / LORZAAR,3022538,placebo,1,placebo,other,placebo
NCT02242318,2981230,Experimental,Telmisartan,3016899,telmisartan,1,telmisartan,drugs,telmisartan
NCT02242318,2981230,Experimental,Telmisartan,3016901,placebo,1,placebo,other,placebo
NCT02242318,2981231,Active Comparator,Valsartan,3016900,valsartan,1,valsartan,drugs,valsartan
NCT02242318,2981231,Active Comparator,Valsartan,3016901,placebo,1,placebo,other,placebo
NCT02242318,2981232,Placebo Comparator,Placebo,3016901,placebo,1,placebo,other,placebo
NCT02269176,2977080,Experimental,Telmisartan,3013069,low dose of telmisartan,1,low dose of telmisartan,drugs,telmisartan
NCT02269176,2977080,Experimental,Telmisartan,3013070,high dose of telmisartan,1,high dose of telmisartan,drugs,telmisartan
NCT02269176,2977081,Active Comparator,Losartan,3013071,low dose of losartan,1,low dose of losartan,drugs,losartan
NCT02269176,2977081,Active Comparator,Losartan,3013072,high dose of losartan,1,high dose of losartan,drugs,losartan
NCT02495324,2943667,Experimental,Fimasartan,2982120,placebo,1,placebo,other,placebo
NCT02495324,2943667,Experimental,Fimasartan,2982121,fimasartan,1,fimasartan,drugs,fimasartan
NCT02495324,2943668,Active Comparator,Valsartan,2982120,placebo,1,placebo,other,placebo
NCT02495324,2943668,Active Comparator,Valsartan,2982122,valsartan,1,valsartan,drugs,valsartan
NCT02495324,2943669,Other,Olmesartan medoxomil,2982120,placebo,1,placebo,other,placebo
NCT02495324,2943669,Other,Olmesartan medoxomil,2982123,olmesartan medoxomil,1,olmesartan medoxomil,drugs,olmesartan
NCT02738632,2907383,Experimental,Telmisartan/Amlodipine+Hydrochlorothiazide,2948123,telmisartan/amlodipine+hydrochlorothiazide,1,telmisartan,drugs,telmisartan
NCT02738632,2907383,Experimental,Telmisartan/Amlodipine+Hydrochlorothiazide,2948123,telmisartan/amlodipine+hydrochlorothiazide,2,amlodipine,drugs,amlodipine
NCT02738632,2907383,Experimental,Telmisartan/Amlodipine+Hydrochlorothiazide,2948123,telmisartan/amlodipine+hydrochlorothiazide,3,hydrochlorothiazide,drugs,hydrochlorothiazide
NCT02738632,2907384,Active Comparator,Telmisartan/Amlodipine,2948124,telmisartan/amlodipine,1,telmisartan,drugs,telmisartan
NCT02738632,2907384,Active Comparator,Telmisartan/Amlodipine,2948124,telmisartan/amlodipine,2,amlodipine,drugs,amlodipine
NCT02738632,2907384,Active Comparator,Telmisartan/Amlodipine,2948125,placebo for hydrochlorothiazide,1,placebo for hydrochlorothiazide,other,placebo
